-- MariaDB dump 10.19  Distrib 10.5.10-MariaDB, for debian-linux-gnu (x86_64)
--
-- Host: localhost    Database: stepup
-- ------------------------------------------------------
-- Server version	10.5.10-MariaDB-1:10.5.10+maria~bionic

/*!40101 SET @OLD_CHARACTER_SET_CLIENT=@@CHARACTER_SET_CLIENT */;
/*!40101 SET @OLD_CHARACTER_SET_RESULTS=@@CHARACTER_SET_RESULTS */;
/*!40101 SET @OLD_COLLATION_CONNECTION=@@COLLATION_CONNECTION */;
/*!40101 SET NAMES utf8mb4 */;
/*!40103 SET @OLD_TIME_ZONE=@@TIME_ZONE */;
/*!40103 SET TIME_ZONE='+00:00' */;
/*!40014 SET @OLD_UNIQUE_CHECKS=@@UNIQUE_CHECKS, UNIQUE_CHECKS=0 */;
/*!40014 SET @OLD_FOREIGN_KEY_CHECKS=@@FOREIGN_KEY_CHECKS, FOREIGN_KEY_CHECKS=0 */;
/*!40101 SET @OLD_SQL_MODE=@@SQL_MODE, SQL_MODE='NO_AUTO_VALUE_ON_ZERO' */;
/*!40111 SET @OLD_SQL_NOTES=@@SQL_NOTES, SQL_NOTES=0 */;

--
-- Table structure for table `attend_history`
--

DROP TABLE IF EXISTS `attend_history`;
/*!40101 SET @saved_cs_client     = @@character_set_client */;
/*!40101 SET character_set_client = utf8 */;
CREATE TABLE `attend_history` (
  `attend_history_id` bigint(20) NOT NULL AUTO_INCREMENT,
  `created_at` datetime(6) DEFAULT NULL,
  `modified_at` datetime(6) DEFAULT NULL,
  `random_dance_id` bigint(20) DEFAULT NULL,
  `user_id` bigint(20) DEFAULT NULL,
  PRIMARY KEY (`attend_history_id`),
  KEY `FKly3yntxj8l4vr83gbdxy9fwqk` (`random_dance_id`),
  KEY `FKmb0sm47sobelvgbnbm7nymmtk` (`user_id`),
  CONSTRAINT `FKly3yntxj8l4vr83gbdxy9fwqk` FOREIGN KEY (`random_dance_id`) REFERENCES `random_dance` (`random_dance_id`),
  CONSTRAINT `FKmb0sm47sobelvgbnbm7nymmtk` FOREIGN KEY (`user_id`) REFERENCES `users` (`user_id`)
) ENGINE=InnoDB AUTO_INCREMENT=8 DEFAULT CHARSET=utf8mb4;
/*!40101 SET character_set_client = @saved_cs_client */;

--
-- Dumping data for table `attend_history`
--

LOCK TABLES `attend_history` WRITE;
/*!40000 ALTER TABLE `attend_history` DISABLE KEYS */;
INSERT INTO `attend_history` VALUES (1,'2023-08-01 00:00:00.000000','2023-08-01 00:00:00.000000',1,2),(2,'2023-08-01 00:00:00.000000','2023-08-01 00:00:00.000000',1,3),(3,'2023-08-01 00:00:00.000000','2023-08-01 00:00:00.000000',1,4),(4,'2023-08-01 00:00:00.000000','2023-08-01 00:00:00.000000',1,5),(5,'2023-08-01 00:00:00.000000','2023-08-01 00:00:00.000000',1,6),(6,'2023-08-01 00:00:00.000000','2023-08-01 00:00:00.000000',1,7),(7,'2023-08-01 00:00:00.000000','2023-08-01 00:00:00.000000',1,8);
/*!40000 ALTER TABLE `attend_history` ENABLE KEYS */;
UNLOCK TABLES;

--
-- Table structure for table `board`
--

DROP TABLE IF EXISTS `board`;
/*!40101 SET @saved_cs_client     = @@character_set_client */;
/*!40101 SET character_set_client = utf8 */;
CREATE TABLE `board` (
  `board_type` varchar(31) NOT NULL,
  `board_id` bigint(20) NOT NULL AUTO_INCREMENT,
  `created_at` datetime(6) DEFAULT NULL,
  `modified_at` datetime(6) DEFAULT NULL,
  `content` text DEFAULT NULL,
  `file_url` varchar(255) DEFAULT NULL,
  `title` varchar(255) NOT NULL,
  `writer` bigint(20) DEFAULT NULL,
  `VIEW_CNT` int(11) DEFAULT 0,
  PRIMARY KEY (`board_id`),
  KEY `FKei3c554ttlq0vn32xu2c0jd38` (`writer`),
  CONSTRAINT `FKei3c554ttlq0vn32xu2c0jd38` FOREIGN KEY (`writer`) REFERENCES `users` (`user_id`)
) ENGINE=InnoDB AUTO_INCREMENT=33 DEFAULT CHARSET=utf8mb4;
/*!40101 SET character_set_client = @saved_cs_client */;

--
-- Dumping data for table `board`
--

LOCK TABLES `board` WRITE;
/*!40000 ALTER TABLE `board` DISABLE KEYS */;
INSERT INTO `board` VALUES ('NOTICE',1,'2023-08-01 00:00:00.000000','2023-08-16 16:58:19.266856','8월 1일 제 1회 랜덤플레이댄스 온라인 대회가 개최됩니다! 많은 관심과 참여 부탁드립니다.','url1','(2023-08-1) 제 1회 랜덤플레이댄스 온라인 대회 안내',1,3),('NOTICE',2,'2023-08-01 00:00:00.000000','2023-08-01 00:00:00.000000','연습실 기능이 추가되었습니다. 이제 연습실에서 캠을 키고 댄스 연습을 할 수 있어요. 열심히 연습해서 멋진 댄서가 되어보세요!','url2','연습실 기능 추가 안내',1,0),('NOTICE',3,'2023-08-01 00:00:00.000000','2023-08-01 00:00:00.000000','오프라인 랜덤 댄스 파티가 오늘 개최됩니다. 다양한 음악과 함께 신나는 시간을 보내고 싶다면 지금 바로 참가 신청해주세요!','url3','오프라인 랜덤 댄스 파티 개최 안내',1,0),('NOTICE',4,'2023-08-01 00:00:00.000000','2023-08-16 23:40:45.428983','이제부터 원하는 댄스 연습 노래를 신청할 수 있는 기능이 추가되었습니다. 연습실에서 연습하고 여러분의 멋진 댄스 실력을 자랑해보세요.','','댄스 연습 노래 신청 추가',1,2),('NOTICE',5,'2023-08-01 00:00:00.000000','2023-08-16 17:35:21.083040','8월 20일 제 2회 랜덤플레이댄스 온라인 대회가 개최됩니다. 다양한 춤 스타일로 경쟁하고 포인트를 받아보세요!','url5','(2023-08-20) 제 2회 랜덤 댄스 대회 참가 신청 안내',1,4),('TALK',6,'2023-08-02 00:00:00.000000','2023-08-17 00:55:41.361890','요즘 성수 카페 새로 생긴데 많던데 같이 갈사람 댓글 남겨주세요 ~~','url6','내일 성수 카페 갈 사람 모여주세요!',6,4),('TALK',7,'2023-08-02 00:00:00.000000','2023-08-14 02:02:26.515997','오늘 저녁에 같이 먹을 사람을 구해요. 같이 식사하며 이야기 나누고 싶어요!','','오늘 저녁 같이 먹을 사람 구해요',3,0),('TALK',8,'2023-08-02 00:00:00.000000','2023-08-02 00:00:00.000000','여행 같이 떠날 친구 구합니당. 원하시는 여행지 있으면 같이 정해봐요!','url8','여행 같이 갈 사람 ??!',5,0),('TALK',9,'2023-08-02 00:00:00.000000','2023-08-02 00:00:00.000000','영화 보러 갈 사람을 찾아요~ 같이 영화 관람하면서 즐거운 시간 보내요. 분당쪽 입니다 ','url9','영화 보러 같이 가실 분(서현 !!)',4,0),('TALK',10,'2023-08-02 00:00:00.000000','2023-08-11 23:58:30.266323','강남에서 같이 운동 하실 분?? 서로 자세도 봐주고 건강하게 함께 운동합시다 :)','','강남 운동 같이 할 친구 구해요',8,0),('MEETING',11,'2023-08-03 00:00:00.000000','2023-08-14 21:01:05.201131','주말에 서울 강남역 근처 연습실을 같이 빌려서 댄스 연습하실 분을 찾습니다. 함께 실력을 향상시키고 즐겁게 춤춰요!','url11','주말 댄스 모임 참여자 모집',2,0),('MEETING',12,'2023-08-03 00:00:00.000000','2023-08-16 16:56:05.849512','강남역 근처 연습실을 예약하려고 하는데 혼자서는 비용이 부담스럽네요 ㅠㅠ 같이 연습실 빌려서 실력을 향상시킬 댄서를 모집합니다.','','서울 강남역 연습실 같이 빌리실 분 구해요',3,1),('MEETING',13,'2023-08-03 00:00:00.000000','2023-08-03 00:00:00.000000','춤 좋아하는 분들과 함께 정기적으로 모여서 연습하고 발전하는 모임을 만들려고 합니다. 관심 있으신 분들은 연락주세요! (오픈채팅)','url13','같이 댄스 연습할 친구 모집합니다',7,0),('MEETING',14,'2023-08-03 00:00:00.000000','2023-08-17 00:54:30.529208','오프라인 댄스 파티에 참가하실 분을 모집합니다. 음악과 함께 즐거운 시간 보내고 멋진 댄서들과 인연을 만들어요! ㅋㅋㅋ','url14','오프라인 댄스 파티 참가자 모집',5,2),('MEETING',15,'2023-08-03 00:00:00.000000','2023-08-17 00:59:44.069370','댄스 실력에 상관없이 즐겁게 춤출 수 있는 모임을 만들어요. 댄스를 좋아하고 함께 즐길 친구들을 찾습니다!','','댄스 실력 상관없이 함께 춤출 분 찾아요!',6,4),('MEETING',16,'2023-08-11 07:03:11.051876','2023-08-16 09:24:29.465810','새 글 추가3',NULL,'새 글 추가',2,0),('TALK',17,'2023-08-11 07:04:11.253473','2023-08-14 20:19:55.389665','글 추가1','','글 추가1',2,0),('TALK',18,'2023-08-11 07:04:21.361937','2023-08-16 09:26:32.679404','글 추가2','','글 추가2',2,0),('TALK',19,'2023-08-11 07:04:30.348758','2023-08-11 07:04:30.348758','글 추가3','','글 추가3',2,0),('TALK',20,'2023-08-11 07:04:40.259231','2023-08-11 07:04:40.259231','글 추가4','','글 추가4',2,0),('TALK',21,'2023-08-11 07:04:49.809217','2023-08-11 07:04:49.809217','글 추가5','','글 추가5',2,0),('TALK',22,'2023-08-11 07:05:00.118154','2023-08-11 07:05:00.118154','글 추가6','','글 추가6',2,0),('MEETING',23,'2023-08-14 05:47:17.275809','2023-08-14 05:47:17.275809','정모해서 춤 같이 춰보고 싶네요 \n화이팅',NULL,'오프라인 정모해요 ',12,0),('TALK',24,'2023-08-14 05:48:03.153454','2023-08-16 16:57:21.755348','안녕 안녕하세요','C:\\fakepath\\사진.jpg','안녕하세요 테스트로 글 올려봐요',12,3),('TALK',25,'2023-08-14 05:48:39.137721','2023-08-14 20:59:05.180143','안녕하세요 테스트입니다','','안녕하세요 ',12,0),('MEETING',26,'2023-08-15 14:42:56.976954','2023-08-16 16:55:55.644595','test111',NULL,'test1',8,1),('MEETING',27,'2023-08-15 14:42:57.630766','2023-08-15 14:42:57.630766','test111',NULL,'test1',8,0),('MEETING',28,'2023-08-15 14:45:18.264521','2023-08-15 14:45:18.264521','test22',NULL,'test2',8,0),('MEETING',29,'2023-08-15 14:45:44.213577','2023-08-15 14:45:44.213577','test3333',NULL,'test33',8,0),('TALK',30,'2023-08-15 14:52:48.255381','2023-08-16 16:56:13.846740','자유게시판 내용입니다111111','https://example.com/talk_files/talk_document.pdf','test11',8,1),('TALK',31,'2023-08-15 14:52:56.164938','2023-08-15 14:52:56.164938','자유게시판 내용입니다22222222','https://example.com/talk_files/talk_document.pdf','test22',8,0),('TALK',32,'2023-08-15 14:53:01.115247','2023-08-15 14:53:01.115247','자유게시판 내용입니다33333333333','https://example.com/talk_files/talk_document.pdf','test33',8,0);
/*!40000 ALTER TABLE `board` ENABLE KEYS */;
UNLOCK TABLES;

--
-- Table structure for table `comment`
--

DROP TABLE IF EXISTS `comment`;
/*!40101 SET @saved_cs_client     = @@character_set_client */;
/*!40101 SET character_set_client = utf8 */;
CREATE TABLE `comment` (
  `comment_id` bigint(20) NOT NULL AUTO_INCREMENT,
  `created_at` datetime(6) DEFAULT NULL,
  `modified_at` datetime(6) DEFAULT NULL,
  `content` text NOT NULL,
  `board_id` bigint(20) DEFAULT NULL,
  `user_id` bigint(20) DEFAULT NULL,
  PRIMARY KEY (`comment_id`),
  KEY `FKlij9oor1nav89jeat35s6kbp1` (`board_id`),
  KEY `FKqm52p1v3o13hy268he0wcngr5` (`user_id`),
  CONSTRAINT `FKlij9oor1nav89jeat35s6kbp1` FOREIGN KEY (`board_id`) REFERENCES `board` (`board_id`),
  CONSTRAINT `FKqm52p1v3o13hy268he0wcngr5` FOREIGN KEY (`user_id`) REFERENCES `users` (`user_id`)
) ENGINE=InnoDB AUTO_INCREMENT=44 DEFAULT CHARSET=utf8mb4;
/*!40101 SET character_set_client = @saved_cs_client */;

--
-- Dumping data for table `comment`
--

LOCK TABLES `comment` WRITE;
/*!40000 ALTER TABLE `comment` DISABLE KEYS */;
INSERT INTO `comment` VALUES (1,'2023-08-02 00:00:00.000000','2023-08-02 00:00:00.000000','저도 성수 카페에 관심 있어요! 같이 가면 좋을 것 같아요.',6,2),(2,'2023-08-02 00:00:00.000000','2023-08-02 00:00:00.000000','저도 서울 성동구에 사는데 성수 카페 같이가요 ! ㅋㅋㅋ',6,7),(3,'2023-08-02 00:00:00.000000','2023-08-02 00:00:00.000000','오늘은 시간이 안되서 아쉽네요ㅠㅠ 다음 기회에는 꼭 함께하고 싶어요!',6,8),(4,'2023-08-02 00:00:00.000000','2023-08-02 00:00:00.000000','오늘 저녁 시간이 맞으면 함께 먹고 싶은데 장소는 어디인가요?',7,2),(5,'2023-08-02 00:00:00.000000','2023-08-02 00:00:00.000000','몇 명 생각하고 계세요? 같이 가는 사람들과 같이 아이디어를 공유하면 좋을 것 같아요!',8,3),(6,'2023-08-02 00:00:00.000000','2023-08-02 00:00:00.000000','저도 여행 같이 갈 친구를 찾고 있는데 ! 혹시 어디 생각하세요 ??',8,4),(7,'2023-08-02 00:00:00.000000','2023-08-02 00:00:00.000000','영화 새로 나온거 보고싶었는데 저는 양재라 중간 위치도 괜찮으세요?',9,5),(8,'2023-08-02 00:00:00.000000','2023-08-02 00:00:00.000000','저도 강남에서 운동 다니고 있는데 같이 운동을 하면 좋을 거 같네요 ㅋㅋ',10,6),(9,'2023-08-02 00:00:00.000000','2023-08-02 00:00:00.000000','무게 몇 정도 치세요?',10,7),(10,'2023-08-02 00:00:00.000000','2023-08-02 00:00:00.000000','오 저도 비용이 부담스러웠는데 같이 연습하면 부담없고 더 재밌을거 같네용!',12,8),(11,'2023-08-02 00:00:00.000000','2023-08-02 00:00:00.000000','강남역 근처인데, 위치가 좋네요! 함께 참가하고 싶어요~',12,4),(12,'2023-08-02 00:00:00.000000','2023-08-02 00:00:00.000000','강남역 근처 연습실 좋네요. 저도 같이 할래요!!!!!',12,5),(14,'2023-08-02 00:00:00.000000','2023-08-02 00:00:00.000000','파티에 참가하고 싶어요. 어떻게 신청하면 되나요?',14,4),(15,'2023-08-02 00:00:00.000000','2023-08-02 00:00:00.000000','댄스 파티 너무 기대돼요 ㅎㅎㅎ',14,6),(16,'2023-08-02 00:00:00.000000','2023-08-02 00:00:00.000000','저도 참여하고 싶긴한데 조금 부족해도 괜찮나요?',15,7),(17,'2023-08-09 13:09:05.801599','2023-08-09 13:09:05.801599','ㅎㅎ',6,1),(21,'2023-08-11 23:58:20.973992','2023-08-11 23:58:20.973992','ㅋㅋㅋㅋ',10,6),(24,'2023-08-14 02:02:16.200155','2023-08-14 02:02:16.200155','ㅋㅋ',7,6),(35,'2023-08-14 20:52:12.317392','2023-08-14 20:52:12.317392','테스트 댓글 추가',17,2),(42,'2023-08-17 00:57:28.441085','2023-08-17 00:57:28.441085','하하하ㅏ하\n',15,6),(43,'2023-08-17 00:59:07.773641','2023-08-17 00:59:07.773641','ㄹㄹㄹㄹ',15,6);
/*!40000 ALTER TABLE `comment` ENABLE KEYS */;
UNLOCK TABLES;

--
-- Table structure for table `country`
--

DROP TABLE IF EXISTS `country`;
/*!40101 SET @saved_cs_client     = @@character_set_client */;
/*!40101 SET character_set_client = utf8 */;
CREATE TABLE `country` (
  `country_id` bigint(20) NOT NULL AUTO_INCREMENT,
  `code` varchar(255) DEFAULT NULL,
  PRIMARY KEY (`country_id`)
) ENGINE=InnoDB AUTO_INCREMENT=37 DEFAULT CHARSET=utf8mb4;
/*!40101 SET character_set_client = @saved_cs_client */;

--
-- Dumping data for table `country`
--

LOCK TABLES `country` WRITE;
/*!40000 ALTER TABLE `country` DISABLE KEYS */;
INSERT INTO `country` VALUES (1,'Asia/Seoul'),(8,'Asia/Tokyo'),(9,'Europe/London'),(10,'America/New_York'),(11,'Europe/Paris'),(12,'America/Los_Angeles'),(13,'Asia/Shanghai'),(14,'Australia/Sydney'),(15,'America/Chicago'),(16,'Europe/Berlin'),(17,'America/Sao_Paulo'),(18,'Asia/Dubai'),(19,'Asia/Hong_Kong'),(20,'Africa/Johannesburg'),(21,'Asia/Kolkata'),(22,'America/Toronto'),(23,'Europe/Rome'),(24,'Asia/Istanbul'),(25,'America/Mexico_City'),(26,'Asia/Bangkok'),(27,'America/Phoenix'),(28,'Asia/Jakarta'),(29,'America/Denver'),(30,'Europe/Madrid'),(31,'Asia/Kuala_Lumpur'),(32,'Pacific/Auckland'),(33,'America/New_York'),(34,'Asia/Taipei'),(35,'Africa/Cairo'),(36,'Asia/Shanghai');
/*!40000 ALTER TABLE `country` ENABLE KEYS */;
UNLOCK TABLES;

--
-- Table structure for table `dance_music`
--

DROP TABLE IF EXISTS `dance_music`;
/*!40101 SET @saved_cs_client     = @@character_set_client */;
/*!40101 SET character_set_client = utf8 */;
CREATE TABLE `dance_music` (
  `dance_music_id` bigint(20) NOT NULL AUTO_INCREMENT,
  `created_at` datetime(6) DEFAULT NULL,
  `modified_at` datetime(6) DEFAULT NULL,
  `music_id` bigint(20) DEFAULT NULL,
  `random_dance_id` bigint(20) DEFAULT NULL,
  PRIMARY KEY (`dance_music_id`),
  KEY `FK7dkvee3vt95bvuxyxncui6fsp` (`music_id`),
  KEY `FK96bp6120q5yp3pwsul526idny` (`random_dance_id`),
  CONSTRAINT `FK7dkvee3vt95bvuxyxncui6fsp` FOREIGN KEY (`music_id`) REFERENCES `music` (`music_id`),
  CONSTRAINT `FK96bp6120q5yp3pwsul526idny` FOREIGN KEY (`random_dance_id`) REFERENCES `random_dance` (`random_dance_id`)
) ENGINE=InnoDB AUTO_INCREMENT=791 DEFAULT CHARSET=utf8mb4;
/*!40101 SET character_set_client = @saved_cs_client */;

--
-- Dumping data for table `dance_music`
--

LOCK TABLES `dance_music` WRITE;
/*!40000 ALTER TABLE `dance_music` DISABLE KEYS */;
INSERT INTO `dance_music` VALUES (1,'2023-08-01 00:00:00.000000','2023-08-01 00:00:00.000000',1,1),(2,'2023-08-01 00:00:00.000000','2023-08-01 00:00:00.000000',2,1),(3,'2023-08-01 00:00:00.000000','2023-08-01 00:00:00.000000',3,1),(4,'2023-08-01 00:00:00.000000','2023-08-01 00:00:00.000000',4,1),(5,'2023-08-01 00:00:00.000000','2023-08-01 00:00:00.000000',5,1),(6,'2023-08-01 00:00:00.000000','2023-08-01 00:00:00.000000',6,1),(7,'2023-08-01 00:00:00.000000','2023-08-01 00:00:00.000000',7,1),(8,'2023-08-01 00:00:00.000000','2023-08-01 00:00:00.000000',8,1),(9,'2023-08-01 00:00:00.000000','2023-08-01 00:00:00.000000',9,1),(10,'2023-08-01 00:00:00.000000','2023-08-01 00:00:00.000000',10,1),(11,'2023-08-01 00:00:00.000000','2023-08-01 00:00:00.000000',1,2),(12,'2023-08-01 00:00:00.000000','2023-08-01 00:00:00.000000',2,2),(13,'2023-08-01 00:00:00.000000','2023-08-01 00:00:00.000000',3,2),(14,'2023-08-01 00:00:00.000000','2023-08-01 00:00:00.000000',4,2),(15,'2023-08-01 00:00:00.000000','2023-08-01 00:00:00.000000',5,2),(16,'2023-08-01 00:00:00.000000','2023-08-01 00:00:00.000000',6,2),(17,'2023-08-01 00:00:00.000000','2023-08-01 00:00:00.000000',7,2),(18,'2023-08-01 00:00:00.000000','2023-08-01 00:00:00.000000',8,2),(19,'2023-08-01 00:00:00.000000','2023-08-01 00:00:00.000000',9,2),(20,'2023-08-01 00:00:00.000000','2023-08-01 00:00:00.000000',10,2),(21,'2023-08-01 00:00:00.000000','2023-08-01 00:00:00.000000',1,3),(22,'2023-08-01 00:00:00.000000','2023-08-01 00:00:00.000000',2,3),(23,'2023-08-01 00:00:00.000000','2023-08-01 00:00:00.000000',3,3),(24,'2023-08-01 00:00:00.000000','2023-08-01 00:00:00.000000',4,3),(25,'2023-08-01 00:00:00.000000','2023-08-01 00:00:00.000000',5,3),(26,'2023-08-01 00:00:00.000000','2023-08-01 00:00:00.000000',6,3),(27,'2023-08-01 00:00:00.000000','2023-08-01 00:00:00.000000',7,3),(28,'2023-08-01 00:00:00.000000','2023-08-01 00:00:00.000000',8,3),(29,'2023-08-01 00:00:00.000000','2023-08-01 00:00:00.000000',9,3),(30,'2023-08-01 00:00:00.000000','2023-08-01 00:00:00.000000',10,3),(31,'2023-08-01 00:00:00.000000','2023-08-01 00:00:00.000000',1,4),(32,'2023-08-01 00:00:00.000000','2023-08-01 00:00:00.000000',2,4),(33,'2023-08-01 00:00:00.000000','2023-08-01 00:00:00.000000',3,4),(34,'2023-08-01 00:00:00.000000','2023-08-01 00:00:00.000000',4,4),(35,'2023-08-01 00:00:00.000000','2023-08-01 00:00:00.000000',5,4),(36,'2023-08-01 00:00:00.000000','2023-08-01 00:00:00.000000',6,4),(37,'2023-08-01 00:00:00.000000','2023-08-01 00:00:00.000000',7,4),(38,'2023-08-01 00:00:00.000000','2023-08-01 00:00:00.000000',8,4),(39,'2023-08-01 00:00:00.000000','2023-08-01 00:00:00.000000',9,4),(40,'2023-08-01 00:00:00.000000','2023-08-01 00:00:00.000000',10,4),(41,'2023-08-01 00:00:00.000000','2023-08-01 00:00:00.000000',1,5),(42,'2023-08-01 00:00:00.000000','2023-08-01 00:00:00.000000',2,5),(43,'2023-08-01 00:00:00.000000','2023-08-01 00:00:00.000000',3,5),(44,'2023-08-01 00:00:00.000000','2023-08-01 00:00:00.000000',4,5),(45,'2023-08-01 00:00:00.000000','2023-08-01 00:00:00.000000',5,5),(46,'2023-08-01 00:00:00.000000','2023-08-01 00:00:00.000000',6,5),(47,'2023-08-01 00:00:00.000000','2023-08-01 00:00:00.000000',7,5),(48,'2023-08-01 00:00:00.000000','2023-08-01 00:00:00.000000',8,5),(49,'2023-08-01 00:00:00.000000','2023-08-01 00:00:00.000000',9,5),(50,'2023-08-01 00:00:00.000000','2023-08-01 00:00:00.000000',10,5),(51,'2023-08-01 00:00:00.000000','2023-08-01 00:00:00.000000',1,6),(52,'2023-08-01 00:00:00.000000','2023-08-01 00:00:00.000000',2,6),(53,'2023-08-01 00:00:00.000000','2023-08-01 00:00:00.000000',3,6),(54,'2023-08-01 00:00:00.000000','2023-08-01 00:00:00.000000',4,6),(55,'2023-08-01 00:00:00.000000','2023-08-01 00:00:00.000000',5,6),(56,'2023-08-01 00:00:00.000000','2023-08-01 00:00:00.000000',6,6),(57,'2023-08-01 00:00:00.000000','2023-08-01 00:00:00.000000',7,6),(58,'2023-08-01 00:00:00.000000','2023-08-01 00:00:00.000000',8,6),(59,'2023-08-01 00:00:00.000000','2023-08-01 00:00:00.000000',9,6),(60,'2023-08-01 00:00:00.000000','2023-08-01 00:00:00.000000',10,6),(61,'2023-08-01 00:00:00.000000','2023-08-01 00:00:00.000000',1,7),(62,'2023-08-01 00:00:00.000000','2023-08-01 00:00:00.000000',2,7),(63,'2023-08-01 00:00:00.000000','2023-08-01 00:00:00.000000',3,7),(64,'2023-08-01 00:00:00.000000','2023-08-01 00:00:00.000000',4,7),(65,'2023-08-01 00:00:00.000000','2023-08-01 00:00:00.000000',5,7),(66,'2023-08-01 00:00:00.000000','2023-08-01 00:00:00.000000',6,7),(67,'2023-08-01 00:00:00.000000','2023-08-01 00:00:00.000000',7,7),(68,'2023-08-01 00:00:00.000000','2023-08-01 00:00:00.000000',8,7),(69,'2023-08-01 00:00:00.000000','2023-08-01 00:00:00.000000',9,7),(70,'2023-08-01 00:00:00.000000','2023-08-01 00:00:00.000000',10,7),(71,'2023-08-01 00:00:00.000000','2023-08-01 00:00:00.000000',1,8),(72,'2023-08-01 00:00:00.000000','2023-08-01 00:00:00.000000',2,8),(73,'2023-08-01 00:00:00.000000','2023-08-01 00:00:00.000000',3,8),(74,'2023-08-01 00:00:00.000000','2023-08-01 00:00:00.000000',4,8),(75,'2023-08-01 00:00:00.000000','2023-08-01 00:00:00.000000',5,8),(76,'2023-08-01 00:00:00.000000','2023-08-01 00:00:00.000000',6,8),(77,'2023-08-01 00:00:00.000000','2023-08-01 00:00:00.000000',7,8),(78,'2023-08-01 00:00:00.000000','2023-08-01 00:00:00.000000',8,8),(79,'2023-08-01 00:00:00.000000','2023-08-01 00:00:00.000000',9,8),(80,'2023-08-01 00:00:00.000000','2023-08-01 00:00:00.000000',10,8),(81,'2023-08-01 00:00:00.000000','2023-08-01 00:00:00.000000',1,9),(82,'2023-08-01 00:00:00.000000','2023-08-01 00:00:00.000000',2,9),(83,'2023-08-01 00:00:00.000000','2023-08-01 00:00:00.000000',3,9),(84,'2023-08-01 00:00:00.000000','2023-08-01 00:00:00.000000',4,9),(85,'2023-08-01 00:00:00.000000','2023-08-01 00:00:00.000000',5,9),(86,'2023-08-01 00:00:00.000000','2023-08-01 00:00:00.000000',6,9),(87,'2023-08-01 00:00:00.000000','2023-08-01 00:00:00.000000',7,9),(88,'2023-08-01 00:00:00.000000','2023-08-01 00:00:00.000000',8,9),(89,'2023-08-01 00:00:00.000000','2023-08-01 00:00:00.000000',9,9),(90,'2023-08-01 00:00:00.000000','2023-08-01 00:00:00.000000',10,9),(91,'2023-08-01 00:00:00.000000','2023-08-01 00:00:00.000000',1,10),(92,'2023-08-01 00:00:00.000000','2023-08-01 00:00:00.000000',2,10),(93,'2023-08-01 00:00:00.000000','2023-08-01 00:00:00.000000',3,10),(94,'2023-08-01 00:00:00.000000','2023-08-01 00:00:00.000000',4,10),(95,'2023-08-01 00:00:00.000000','2023-08-01 00:00:00.000000',5,10),(96,'2023-08-01 00:00:00.000000','2023-08-01 00:00:00.000000',6,10),(97,'2023-08-01 00:00:00.000000','2023-08-01 00:00:00.000000',7,10),(98,'2023-08-01 00:00:00.000000','2023-08-01 00:00:00.000000',8,10),(99,'2023-08-01 00:00:00.000000','2023-08-01 00:00:00.000000',9,10),(100,'2023-08-01 00:00:00.000000','2023-08-01 00:00:00.000000',10,10),(101,'2023-08-11 07:41:11.236798','2023-08-11 07:41:11.236798',1,11),(102,'2023-08-11 07:41:11.299263','2023-08-11 07:41:11.299263',2,11),(103,'2023-08-11 07:41:11.301511','2023-08-11 07:41:11.301511',3,11),(104,'2023-08-11 07:41:11.303381','2023-08-11 07:41:11.303381',4,11),(105,'2023-08-11 07:41:11.309660','2023-08-11 07:41:11.309660',5,11),(106,'2023-08-11 07:41:11.311508','2023-08-11 07:41:11.311508',6,11),(107,'2023-08-11 07:41:11.314036','2023-08-11 07:41:11.314036',7,11),(108,'2023-08-11 07:41:11.315891','2023-08-11 07:41:11.315891',8,11),(109,'2023-08-11 07:41:11.321297','2023-08-11 07:41:11.321297',9,11),(110,'2023-08-11 07:41:11.323567','2023-08-11 07:41:11.323567',10,11),(111,'2023-08-11 08:20:49.077613','2023-08-11 08:20:49.077613',1,12),(112,'2023-08-11 08:20:49.105412','2023-08-11 08:20:49.105412',2,12),(113,'2023-08-11 08:20:49.110072','2023-08-11 08:20:49.110072',3,12),(114,'2023-08-11 08:20:49.115395','2023-08-11 08:20:49.115395',4,12),(115,'2023-08-11 08:20:49.118010','2023-08-11 08:20:49.118010',5,12),(116,'2023-08-11 08:20:49.120206','2023-08-11 08:20:49.120206',6,12),(117,'2023-08-11 08:20:49.161396','2023-08-11 08:20:49.161396',7,12),(118,'2023-08-11 08:20:49.163436','2023-08-11 08:20:49.163436',8,12),(119,'2023-08-11 08:20:49.166378','2023-08-11 08:20:49.166378',9,12),(120,'2023-08-11 08:20:49.168435','2023-08-11 08:20:49.168435',10,12),(121,'2023-08-11 11:12:25.661157','2023-08-11 11:12:25.661157',1,13),(122,'2023-08-11 11:12:25.701170','2023-08-11 11:12:25.701170',2,13),(123,'2023-08-11 11:12:25.714566','2023-08-11 11:12:25.714566',3,13),(124,'2023-08-11 11:12:25.716496','2023-08-11 11:12:25.716496',4,13),(125,'2023-08-11 11:12:25.720791','2023-08-11 11:12:25.720791',5,13),(126,'2023-08-11 11:12:25.722790','2023-08-11 11:12:25.722790',6,13),(127,'2023-08-11 11:12:25.724777','2023-08-11 11:12:25.724777',7,13),(128,'2023-08-11 11:12:25.726723','2023-08-11 11:12:25.726723',8,13),(129,'2023-08-11 11:12:25.805295','2023-08-11 11:12:25.805295',9,13),(130,'2023-08-11 11:12:25.855423','2023-08-11 11:12:25.855423',10,13),(131,'2023-08-11 11:12:26.094138','2023-08-11 11:12:26.094138',1,14),(132,'2023-08-11 11:12:26.096845','2023-08-11 11:12:26.096845',2,14),(133,'2023-08-11 11:12:26.098829','2023-08-11 11:12:26.098829',3,14),(134,'2023-08-11 11:12:26.101834','2023-08-11 11:12:26.101834',4,14),(135,'2023-08-11 11:12:26.106305','2023-08-11 11:12:26.106305',5,14),(136,'2023-08-11 11:12:26.108443','2023-08-11 11:12:26.108443',6,14),(137,'2023-08-11 11:12:26.111591','2023-08-11 11:12:26.111591',7,14),(138,'2023-08-11 11:12:26.116208','2023-08-11 11:12:26.116208',8,14),(139,'2023-08-11 11:12:26.118351','2023-08-11 11:12:26.118351',9,14),(140,'2023-08-11 11:12:26.121150','2023-08-11 11:12:26.121150',10,14),(141,'2023-08-11 11:28:57.919987','2023-08-11 11:28:57.919987',1,15),(142,'2023-08-11 11:28:57.930743','2023-08-11 11:28:57.930743',2,15),(143,'2023-08-11 11:28:57.932542','2023-08-11 11:28:57.932542',3,15),(144,'2023-08-11 11:28:57.934594','2023-08-11 11:28:57.934594',4,15),(145,'2023-08-11 11:28:57.937790','2023-08-11 11:28:57.937790',5,15),(146,'2023-08-11 11:28:57.939653','2023-08-11 11:28:57.939653',6,15),(147,'2023-08-11 11:28:57.964003','2023-08-11 11:28:57.964003',7,15),(148,'2023-08-11 11:28:57.965734','2023-08-11 11:28:57.965734',8,15),(149,'2023-08-11 11:28:57.968568','2023-08-11 11:28:57.968568',9,15),(150,'2023-08-11 11:28:57.971235','2023-08-11 11:28:57.971235',10,15),(151,'2023-08-11 11:34:57.822527','2023-08-11 11:34:57.822527',1,16),(152,'2023-08-11 11:34:57.849642','2023-08-11 11:34:57.849642',2,16),(153,'2023-08-11 11:34:57.853815','2023-08-11 11:34:57.853815',3,16),(154,'2023-08-11 11:34:57.856003','2023-08-11 11:34:57.856003',4,16),(155,'2023-08-11 11:34:57.860637','2023-08-11 11:34:57.860637',5,16),(156,'2023-08-11 11:34:57.865154','2023-08-11 11:34:57.865154',6,16),(157,'2023-08-11 11:34:57.867448','2023-08-11 11:34:57.867448',7,16),(158,'2023-08-11 11:34:57.869773','2023-08-11 11:34:57.869773',8,16),(159,'2023-08-11 11:34:57.875275','2023-08-11 11:34:57.875275',9,16),(160,'2023-08-11 11:34:57.877473','2023-08-11 11:34:57.877473',10,16),(161,'2023-08-11 11:47:51.009547','2023-08-11 11:47:51.009547',1,17),(162,'2023-08-11 11:47:51.025154','2023-08-11 11:47:51.025154',2,17),(163,'2023-08-11 11:47:51.028197','2023-08-11 11:47:51.028197',3,17),(164,'2023-08-11 11:47:51.036493','2023-08-11 11:47:51.036493',4,17),(165,'2023-08-11 11:47:51.048932','2023-08-11 11:47:51.048932',5,17),(166,'2023-08-11 11:47:51.102057','2023-08-11 11:47:51.102057',6,17),(167,'2023-08-11 11:47:51.104689','2023-08-11 11:47:51.104689',7,17),(168,'2023-08-11 11:47:51.116063','2023-08-11 11:47:51.116063',8,17),(169,'2023-08-11 11:47:51.117987','2023-08-11 11:47:51.117987',9,17),(170,'2023-08-11 11:47:51.119906','2023-08-11 11:47:51.119906',10,17),(171,'2023-08-11 12:17:07.173808','2023-08-11 12:17:07.173808',1,18),(172,'2023-08-11 12:17:07.196727','2023-08-11 12:17:07.196727',2,18),(173,'2023-08-11 12:17:07.202263','2023-08-11 12:17:07.202263',3,18),(174,'2023-08-11 12:17:07.203973','2023-08-11 12:17:07.203973',4,18),(175,'2023-08-11 12:17:07.205858','2023-08-11 12:17:07.205858',5,18),(176,'2023-08-11 12:17:07.208697','2023-08-11 12:17:07.208697',6,18),(177,'2023-08-11 12:17:07.211224','2023-08-11 12:17:07.211224',7,18),(178,'2023-08-11 12:17:07.213205','2023-08-11 12:17:07.213205',8,18),(179,'2023-08-11 12:17:07.215491','2023-08-11 12:17:07.215491',9,18),(180,'2023-08-11 12:17:07.217699','2023-08-11 12:17:07.217699',10,18),(181,'2023-08-11 12:20:21.857184','2023-08-11 12:20:21.857184',1,19),(182,'2023-08-11 12:20:21.859669','2023-08-11 12:20:21.859669',2,19),(183,'2023-08-11 12:20:21.861542','2023-08-11 12:20:21.861542',3,19),(184,'2023-08-11 12:20:21.863463','2023-08-11 12:20:21.863463',4,19),(185,'2023-08-11 12:20:21.865807','2023-08-11 12:20:21.865807',5,19),(186,'2023-08-11 12:20:21.916344','2023-08-11 12:20:21.916344',6,19),(187,'2023-08-11 12:20:21.929354','2023-08-11 12:20:21.929354',7,19),(188,'2023-08-11 12:20:21.931080','2023-08-11 12:20:21.931080',8,19),(189,'2023-08-11 12:20:21.932673','2023-08-11 12:20:21.932673',9,19),(190,'2023-08-11 12:20:21.936228','2023-08-11 12:20:21.936228',10,19),(191,'2023-08-11 12:23:57.025804','2023-08-11 12:23:57.025804',1,20),(192,'2023-08-11 12:23:57.027585','2023-08-11 12:23:57.027585',2,20),(193,'2023-08-11 12:23:57.030148','2023-08-11 12:23:57.030148',3,20),(194,'2023-08-11 12:23:57.037209','2023-08-11 12:23:57.037209',4,20),(195,'2023-08-11 12:23:57.044401','2023-08-11 12:23:57.044401',5,20),(196,'2023-08-11 12:23:57.046550','2023-08-11 12:23:57.046550',6,20),(197,'2023-08-11 12:23:57.048697','2023-08-11 12:23:57.048697',7,20),(198,'2023-08-11 12:23:57.053153','2023-08-11 12:23:57.053153',8,20),(199,'2023-08-11 12:23:57.055281','2023-08-11 12:23:57.055281',9,20),(200,'2023-08-11 12:23:57.058823','2023-08-11 12:23:57.058823',10,20),(201,'2023-08-11 12:41:01.486492','2023-08-11 12:41:01.486492',1,21),(202,'2023-08-11 12:41:01.499547','2023-08-11 12:41:01.499547',2,21),(203,'2023-08-11 12:41:01.501250','2023-08-11 12:41:01.501250',3,21),(204,'2023-08-11 12:41:01.503307','2023-08-11 12:41:01.503307',4,21),(205,'2023-08-11 12:41:01.506038','2023-08-11 12:41:01.506038',5,21),(206,'2023-08-11 12:41:01.508459','2023-08-11 12:41:01.508459',6,21),(207,'2023-08-11 12:41:01.510628','2023-08-11 12:41:01.510628',7,21),(208,'2023-08-11 12:41:01.514710','2023-08-11 12:41:01.514710',8,21),(209,'2023-08-11 12:41:01.516580','2023-08-11 12:41:01.516580',9,21),(210,'2023-08-11 12:41:01.522957','2023-08-11 12:41:01.522957',10,21),(211,'2023-08-11 12:44:03.444702','2023-08-11 12:44:03.444702',1,22),(212,'2023-08-11 12:44:03.448587','2023-08-11 12:44:03.448587',2,22),(213,'2023-08-11 12:44:03.450328','2023-08-11 12:44:03.450328',3,22),(214,'2023-08-11 12:44:03.452153','2023-08-11 12:44:03.452153',4,22),(215,'2023-08-11 12:44:03.455270','2023-08-11 12:44:03.455270',5,22),(216,'2023-08-11 12:44:03.457040','2023-08-11 12:44:03.457040',6,22),(217,'2023-08-11 12:44:03.458900','2023-08-11 12:44:03.458900',7,22),(218,'2023-08-11 12:44:03.460585','2023-08-11 12:44:03.460585',8,22),(219,'2023-08-11 12:44:03.462256','2023-08-11 12:44:03.462256',9,22),(220,'2023-08-11 12:44:03.463943','2023-08-11 12:44:03.463943',10,22),(221,'2023-08-11 13:10:26.045786','2023-08-11 13:10:26.045786',1,23),(222,'2023-08-11 13:10:26.066997','2023-08-11 13:10:26.066997',2,23),(223,'2023-08-11 13:10:26.069147','2023-08-11 13:10:26.069147',3,23),(224,'2023-08-11 13:10:26.071185','2023-08-11 13:10:26.071185',4,23),(225,'2023-08-11 13:10:26.073465','2023-08-11 13:10:26.073465',5,23),(226,'2023-08-11 13:10:26.075331','2023-08-11 13:10:26.075331',6,23),(227,'2023-08-11 13:10:26.078248','2023-08-11 13:10:26.078248',7,23),(228,'2023-08-11 13:10:26.080925','2023-08-11 13:10:26.080925',8,23),(229,'2023-08-11 13:10:26.085121','2023-08-11 13:10:26.085121',9,23),(230,'2023-08-11 13:10:26.087839','2023-08-11 13:10:26.087839',10,23),(231,'2023-08-11 13:41:35.143191','2023-08-11 13:41:35.143191',1,24),(232,'2023-08-11 13:41:35.150659','2023-08-11 13:41:35.150659',2,24),(233,'2023-08-11 13:41:35.152861','2023-08-11 13:41:35.152861',3,24),(234,'2023-08-11 13:41:35.155314','2023-08-11 13:41:35.155314',4,24),(235,'2023-08-11 13:41:35.158529','2023-08-11 13:41:35.158529',5,24),(236,'2023-08-11 13:41:35.160835','2023-08-11 13:41:35.160835',6,24),(237,'2023-08-11 13:41:35.162425','2023-08-11 13:41:35.162425',7,24),(238,'2023-08-11 13:41:35.164274','2023-08-11 13:41:35.164274',8,24),(239,'2023-08-11 13:41:35.165854','2023-08-11 13:41:35.165854',9,24),(240,'2023-08-11 13:41:35.181764','2023-08-11 13:41:35.181764',10,24),(241,'2023-08-11 14:47:58.376017','2023-08-11 14:47:58.376017',1,25),(242,'2023-08-11 14:47:58.402679','2023-08-11 14:47:58.402679',2,25),(243,'2023-08-11 14:47:58.404293','2023-08-11 14:47:58.404293',3,25),(244,'2023-08-11 14:47:58.405893','2023-08-11 14:47:58.405893',4,25),(245,'2023-08-11 14:47:58.408047','2023-08-11 14:47:58.408047',5,25),(246,'2023-08-11 14:47:58.409528','2023-08-11 14:47:58.409528',6,25),(247,'2023-08-11 14:47:58.411133','2023-08-11 14:47:58.411133',7,25),(248,'2023-08-11 14:47:58.413701','2023-08-11 14:47:58.413701',8,25),(249,'2023-08-11 14:47:58.415977','2023-08-11 14:47:58.415977',9,25),(250,'2023-08-11 14:47:58.417464','2023-08-11 14:47:58.417464',10,25),(251,'2023-08-11 14:49:24.775633','2023-08-11 14:49:24.775633',1,26),(252,'2023-08-11 14:49:24.781711','2023-08-11 14:49:24.781711',2,26),(253,'2023-08-11 14:49:24.788201','2023-08-11 14:49:24.788201',3,26),(254,'2023-08-11 14:49:24.790512','2023-08-11 14:49:24.790512',4,26),(255,'2023-08-11 14:49:24.792063','2023-08-11 14:49:24.792063',5,26),(256,'2023-08-11 14:49:24.793572','2023-08-11 14:49:24.793572',6,26),(257,'2023-08-11 14:49:24.813190','2023-08-11 14:49:24.813190',7,26),(258,'2023-08-11 14:49:24.814953','2023-08-11 14:49:24.814953',8,26),(259,'2023-08-11 14:49:24.816564','2023-08-11 14:49:24.816564',9,26),(260,'2023-08-11 14:49:24.818320','2023-08-11 14:49:24.818320',10,26),(261,'2023-08-11 15:44:42.695471','2023-08-11 15:44:42.695471',1,27),(262,'2023-08-11 15:44:42.717340','2023-08-11 15:44:42.717340',2,27),(263,'2023-08-11 15:44:42.723124','2023-08-11 15:44:42.723124',3,27),(264,'2023-08-11 15:44:42.727377','2023-08-11 15:44:42.727377',4,27),(265,'2023-08-11 15:44:42.729788','2023-08-11 15:44:42.729788',5,27),(266,'2023-08-11 15:44:42.732322','2023-08-11 15:44:42.732322',6,27),(267,'2023-08-11 15:44:42.734777','2023-08-11 15:44:42.734777',7,27),(268,'2023-08-11 15:44:42.736760','2023-08-11 15:44:42.736760',8,27),(269,'2023-08-11 15:44:42.741157','2023-08-11 15:44:42.741157',9,27),(270,'2023-08-11 15:44:42.743209','2023-08-11 15:44:42.743209',10,27),(271,'2023-08-11 18:14:50.470891','2023-08-11 18:14:50.470891',1,28),(272,'2023-08-11 18:14:50.503209','2023-08-11 18:14:50.503209',2,28),(273,'2023-08-11 18:14:50.506483','2023-08-11 18:14:50.506483',3,28),(274,'2023-08-11 18:14:50.508774','2023-08-11 18:14:50.508774',4,28),(275,'2023-08-11 18:14:50.510603','2023-08-11 18:14:50.510603',5,28),(276,'2023-08-11 18:14:50.512419','2023-08-11 18:14:50.512419',6,28),(277,'2023-08-11 18:14:50.514324','2023-08-11 18:14:50.514324',7,28),(278,'2023-08-11 18:14:50.516167','2023-08-11 18:14:50.516167',8,28),(279,'2023-08-11 18:14:50.519603','2023-08-11 18:14:50.519603',9,28),(280,'2023-08-11 18:14:50.522180','2023-08-11 18:14:50.522180',10,28),(281,'2023-08-11 18:36:53.467887','2023-08-11 18:36:53.467887',1,29),(282,'2023-08-11 18:36:53.494047','2023-08-11 18:36:53.494047',2,29),(283,'2023-08-11 18:36:53.495987','2023-08-11 18:36:53.495987',3,29),(284,'2023-08-11 18:36:53.498542','2023-08-11 18:36:53.498542',4,29),(285,'2023-08-11 18:36:53.501333','2023-08-11 18:36:53.501333',5,29),(286,'2023-08-11 18:36:53.503295','2023-08-11 18:36:53.503295',6,29),(287,'2023-08-11 18:36:53.509156','2023-08-11 18:36:53.509156',7,29),(288,'2023-08-11 18:36:53.514153','2023-08-11 18:36:53.514153',8,29),(289,'2023-08-11 18:36:53.517629','2023-08-11 18:36:53.517629',9,29),(290,'2023-08-11 18:36:53.520609','2023-08-11 18:36:53.520609',10,29),(291,'2023-08-11 23:32:53.260347','2023-08-11 23:32:53.260347',1,30),(292,'2023-08-11 23:32:53.278720','2023-08-11 23:32:53.278720',2,30),(293,'2023-08-11 23:32:53.281862','2023-08-11 23:32:53.281862',3,30),(294,'2023-08-11 23:32:53.284655','2023-08-11 23:32:53.284655',4,30),(295,'2023-08-11 23:32:53.287054','2023-08-11 23:32:53.287054',5,30),(296,'2023-08-11 23:32:53.290803','2023-08-11 23:32:53.290803',6,30),(297,'2023-08-11 23:32:53.294567','2023-08-11 23:32:53.294567',7,30),(298,'2023-08-11 23:32:53.351938','2023-08-11 23:32:53.351938',8,30),(299,'2023-08-11 23:32:53.354375','2023-08-11 23:32:53.354375',9,30),(300,'2023-08-11 23:32:53.356215','2023-08-11 23:32:53.356215',10,30),(301,'2023-08-11 23:35:06.344474','2023-08-11 23:35:06.344474',1,31),(302,'2023-08-11 23:35:06.346383','2023-08-11 23:35:06.346383',2,31),(303,'2023-08-11 23:35:06.350011','2023-08-11 23:35:06.350011',3,31),(304,'2023-08-11 23:35:06.351845','2023-08-11 23:35:06.351845',4,31),(305,'2023-08-11 23:35:06.353622','2023-08-11 23:35:06.353622',5,31),(306,'2023-08-11 23:35:06.355379','2023-08-11 23:35:06.355379',6,31),(307,'2023-08-11 23:35:06.357164','2023-08-11 23:35:06.357164',7,31),(308,'2023-08-11 23:35:06.365364','2023-08-11 23:35:06.365364',8,31),(309,'2023-08-11 23:35:06.366543','2023-08-11 23:35:06.366543',9,31),(310,'2023-08-11 23:35:06.369240','2023-08-11 23:35:06.369240',10,31),(311,'2023-08-12 02:21:03.406343','2023-08-12 02:21:03.406343',1,32),(312,'2023-08-12 02:21:03.431268','2023-08-12 02:21:03.431268',2,32),(313,'2023-08-12 02:21:03.433708','2023-08-12 02:21:03.433708',3,32),(314,'2023-08-12 02:21:03.435366','2023-08-12 02:21:03.435366',4,32),(315,'2023-08-12 02:21:03.438329','2023-08-12 02:21:03.438329',5,32),(316,'2023-08-12 02:21:03.440429','2023-08-12 02:21:03.440429',6,32),(317,'2023-08-12 02:21:03.442665','2023-08-12 02:21:03.442665',7,32),(318,'2023-08-12 02:21:03.444795','2023-08-12 02:21:03.444795',8,32),(319,'2023-08-12 02:21:03.448020','2023-08-12 02:21:03.448020',9,32),(320,'2023-08-12 02:21:03.457610','2023-08-12 02:21:03.457610',10,32),(321,'2023-08-12 02:35:43.782595','2023-08-12 02:35:43.782595',1,33),(322,'2023-08-12 02:35:43.785069','2023-08-12 02:35:43.785069',2,33),(323,'2023-08-12 02:35:43.787186','2023-08-12 02:35:43.787186',3,33),(324,'2023-08-12 02:35:43.789272','2023-08-12 02:35:43.789272',4,33),(325,'2023-08-12 02:35:43.791852','2023-08-12 02:35:43.791852',5,33),(326,'2023-08-12 02:35:43.794749','2023-08-12 02:35:43.794749',6,33),(327,'2023-08-12 02:35:43.796336','2023-08-12 02:35:43.796336',7,33),(328,'2023-08-12 02:35:43.799596','2023-08-12 02:35:43.799596',8,33),(329,'2023-08-12 02:35:43.801181','2023-08-12 02:35:43.801181',9,33),(330,'2023-08-12 02:35:43.802825','2023-08-12 02:35:43.802825',10,33),(331,'2023-08-12 02:37:05.264889','2023-08-12 02:37:05.264889',1,34),(332,'2023-08-12 02:37:05.269062','2023-08-12 02:37:05.269062',2,34),(333,'2023-08-12 02:37:05.272650','2023-08-12 02:37:05.272650',3,34),(334,'2023-08-12 02:37:05.274179','2023-08-12 02:37:05.274179',4,34),(335,'2023-08-12 02:37:05.275797','2023-08-12 02:37:05.275797',5,34),(336,'2023-08-12 02:37:05.277647','2023-08-12 02:37:05.277647',6,34),(337,'2023-08-12 02:37:05.279316','2023-08-12 02:37:05.279316',7,34),(338,'2023-08-12 02:37:05.280771','2023-08-12 02:37:05.280771',8,34),(339,'2023-08-12 02:37:05.282485','2023-08-12 02:37:05.282485',9,34),(340,'2023-08-12 02:37:05.284073','2023-08-12 02:37:05.284073',10,34),(341,'2023-08-12 02:43:15.578136','2023-08-12 02:43:15.578136',1,35),(342,'2023-08-12 02:43:15.580218','2023-08-12 02:43:15.580218',2,35),(343,'2023-08-12 02:43:15.581988','2023-08-12 02:43:15.581988',3,35),(344,'2023-08-12 02:43:15.583650','2023-08-12 02:43:15.583650',4,35),(345,'2023-08-12 02:43:15.585330','2023-08-12 02:43:15.585330',5,35),(346,'2023-08-12 02:43:15.586991','2023-08-12 02:43:15.586991',6,35),(347,'2023-08-12 02:43:15.588592','2023-08-12 02:43:15.588592',7,35),(348,'2023-08-12 02:43:15.590129','2023-08-12 02:43:15.590129',8,35),(349,'2023-08-12 02:43:15.591973','2023-08-12 02:43:15.591973',9,35),(350,'2023-08-12 02:43:15.595953','2023-08-12 02:43:15.595953',10,35),(351,'2023-08-12 03:03:44.066835','2023-08-12 03:03:44.066835',1,36),(352,'2023-08-12 03:03:44.085296','2023-08-12 03:03:44.085296',2,36),(353,'2023-08-12 03:03:44.088315','2023-08-12 03:03:44.088315',3,36),(354,'2023-08-12 03:03:44.090486','2023-08-12 03:03:44.090486',4,36),(355,'2023-08-12 03:03:44.092606','2023-08-12 03:03:44.092606',5,36),(356,'2023-08-12 03:03:44.097139','2023-08-12 03:03:44.097139',6,36),(357,'2023-08-12 03:03:44.099003','2023-08-12 03:03:44.099003',7,36),(358,'2023-08-12 03:03:44.100939','2023-08-12 03:03:44.100939',8,36),(359,'2023-08-12 03:03:44.103267','2023-08-12 03:03:44.103267',9,36),(360,'2023-08-12 03:03:44.109293','2023-08-12 03:03:44.109293',10,36),(361,'2023-08-12 03:07:33.171404','2023-08-12 03:07:33.171404',1,37),(362,'2023-08-12 03:07:33.174827','2023-08-12 03:07:33.174827',2,37),(363,'2023-08-12 03:07:33.176917','2023-08-12 03:07:33.176917',3,37),(364,'2023-08-12 03:07:33.179866','2023-08-12 03:07:33.179866',4,37),(365,'2023-08-12 03:07:33.182123','2023-08-12 03:07:33.182123',5,37),(366,'2023-08-12 03:07:33.207369','2023-08-12 03:07:33.207369',6,37),(367,'2023-08-12 03:07:33.213125','2023-08-12 03:07:33.213125',7,37),(368,'2023-08-12 03:07:33.217086','2023-08-12 03:07:33.217086',8,37),(369,'2023-08-12 03:07:33.219142','2023-08-12 03:07:33.219142',9,37),(370,'2023-08-12 03:07:33.224326','2023-08-12 03:07:33.224326',10,37),(371,'2023-08-12 03:12:29.594914','2023-08-12 03:12:29.594914',1,38),(372,'2023-08-12 03:12:29.600752','2023-08-12 03:12:29.600752',2,38),(373,'2023-08-12 03:12:29.603025','2023-08-12 03:12:29.603025',3,38),(374,'2023-08-12 03:12:29.604847','2023-08-12 03:12:29.604847',4,38),(375,'2023-08-12 03:12:29.606536','2023-08-12 03:12:29.606536',5,38),(376,'2023-08-12 03:12:29.608308','2023-08-12 03:12:29.608308',6,38),(377,'2023-08-12 03:12:29.613120','2023-08-12 03:12:29.613120',7,38),(378,'2023-08-12 03:12:29.615930','2023-08-12 03:12:29.615930',8,38),(379,'2023-08-12 03:12:29.617706','2023-08-12 03:12:29.617706',9,38),(380,'2023-08-12 03:12:29.619997','2023-08-12 03:12:29.619997',10,38),(381,'2023-08-12 03:14:50.107412','2023-08-12 03:14:50.107412',1,39),(382,'2023-08-12 03:14:50.110254','2023-08-12 03:14:50.110254',2,39),(383,'2023-08-12 03:14:50.114397','2023-08-12 03:14:50.114397',3,39),(384,'2023-08-12 03:14:50.174499','2023-08-12 03:14:50.174499',4,39),(385,'2023-08-12 03:14:50.177422','2023-08-12 03:14:50.177422',5,39),(386,'2023-08-12 03:14:50.179229','2023-08-12 03:14:50.179229',6,39),(387,'2023-08-12 03:14:50.181508','2023-08-12 03:14:50.181508',7,39),(388,'2023-08-12 03:14:50.185562','2023-08-12 03:14:50.185562',8,39),(389,'2023-08-12 03:14:50.191792','2023-08-12 03:14:50.191792',9,39),(390,'2023-08-12 03:14:50.193732','2023-08-12 03:14:50.193732',10,39),(391,'2023-08-12 03:38:15.196372','2023-08-12 03:38:15.196372',1,40),(392,'2023-08-12 03:38:15.205292','2023-08-12 03:38:15.205292',2,40),(393,'2023-08-12 03:38:15.207049','2023-08-12 03:38:15.207049',3,40),(394,'2023-08-12 03:38:15.209087','2023-08-12 03:38:15.209087',4,40),(395,'2023-08-12 03:38:15.211180','2023-08-12 03:38:15.211180',5,40),(396,'2023-08-12 03:38:15.213573','2023-08-12 03:38:15.213573',6,40),(397,'2023-08-12 03:38:15.215872','2023-08-12 03:38:15.215872',7,40),(398,'2023-08-12 03:38:15.220397','2023-08-12 03:38:15.220397',8,40),(399,'2023-08-12 03:38:15.222168','2023-08-12 03:38:15.222168',9,40),(400,'2023-08-12 03:38:15.226455','2023-08-12 03:38:15.226455',10,40),(401,'2023-08-12 03:50:08.919576','2023-08-12 03:50:08.919576',1,41),(402,'2023-08-12 03:50:08.922439','2023-08-12 03:50:08.922439',2,41),(403,'2023-08-12 03:50:08.924152','2023-08-12 03:50:08.924152',3,41),(404,'2023-08-12 03:50:08.926560','2023-08-12 03:50:08.926560',4,41),(405,'2023-08-12 03:50:08.928440','2023-08-12 03:50:08.928440',5,41),(406,'2023-08-12 03:50:08.931012','2023-08-12 03:50:08.931012',6,41),(407,'2023-08-12 03:50:08.932634','2023-08-12 03:50:08.932634',7,41),(408,'2023-08-12 03:50:08.934258','2023-08-12 03:50:08.934258',8,41),(409,'2023-08-12 03:50:08.936231','2023-08-12 03:50:08.936231',9,41),(410,'2023-08-12 03:50:08.937922','2023-08-12 03:50:08.937922',10,41),(411,'2023-08-12 03:55:04.183305','2023-08-12 03:55:04.183305',1,42),(412,'2023-08-12 03:55:04.185735','2023-08-12 03:55:04.185735',2,42),(413,'2023-08-12 03:55:04.187928','2023-08-12 03:55:04.187928',3,42),(414,'2023-08-12 03:55:04.189741','2023-08-12 03:55:04.189741',4,42),(415,'2023-08-12 03:55:04.191463','2023-08-12 03:55:04.191463',5,42),(416,'2023-08-12 03:55:04.193432','2023-08-12 03:55:04.193432',6,42),(417,'2023-08-12 03:55:04.196427','2023-08-12 03:55:04.196427',7,42),(418,'2023-08-12 03:55:04.199092','2023-08-12 03:55:04.199092',8,42),(419,'2023-08-12 03:55:04.201542','2023-08-12 03:55:04.201542',9,42),(420,'2023-08-12 03:55:04.229942','2023-08-12 03:55:04.229942',10,42),(421,'2023-08-12 04:12:54.860476','2023-08-12 04:12:54.860476',1,43),(422,'2023-08-12 04:12:54.862167','2023-08-12 04:12:54.862167',2,43),(423,'2023-08-12 04:12:54.863681','2023-08-12 04:12:54.863681',3,43),(424,'2023-08-12 04:12:54.893978','2023-08-12 04:12:54.893978',4,43),(425,'2023-08-12 04:12:54.895423','2023-08-12 04:12:54.895423',5,43),(426,'2023-08-12 04:12:54.897223','2023-08-12 04:12:54.897223',6,43),(427,'2023-08-12 04:12:54.898686','2023-08-12 04:12:54.898686',7,43),(428,'2023-08-12 04:12:54.905293','2023-08-12 04:12:54.905293',8,43),(429,'2023-08-12 04:12:54.906844','2023-08-12 04:12:54.906844',9,43),(430,'2023-08-12 04:12:54.908502','2023-08-12 04:12:54.908502',10,43),(431,'2023-08-12 04:20:31.332971','2023-08-12 04:20:31.332971',1,44),(432,'2023-08-12 04:20:31.335257','2023-08-12 04:20:31.335257',2,44),(433,'2023-08-12 04:20:31.337118','2023-08-12 04:20:31.337118',3,44),(434,'2023-08-12 04:20:31.338621','2023-08-12 04:20:31.338621',4,44),(435,'2023-08-12 04:20:31.340137','2023-08-12 04:20:31.340137',5,44),(436,'2023-08-12 04:20:31.341665','2023-08-12 04:20:31.341665',6,44),(437,'2023-08-12 04:20:31.343160','2023-08-12 04:20:31.343160',7,44),(438,'2023-08-12 04:20:31.344639','2023-08-12 04:20:31.344639',8,44),(439,'2023-08-12 04:20:31.346172','2023-08-12 04:20:31.346172',9,44),(440,'2023-08-12 04:20:31.347732','2023-08-12 04:20:31.347732',10,44),(441,'2023-08-14 01:51:36.966711','2023-08-14 01:51:36.966711',1,45),(442,'2023-08-14 01:51:36.985733','2023-08-14 01:51:36.985733',2,45),(443,'2023-08-14 01:51:36.989354','2023-08-14 01:51:36.989354',3,45),(444,'2023-08-14 01:51:36.991157','2023-08-14 01:51:36.991157',4,45),(445,'2023-08-14 01:51:36.993573','2023-08-14 01:51:36.993573',5,45),(446,'2023-08-14 01:51:36.996238','2023-08-14 01:51:36.996238',6,45),(447,'2023-08-14 01:51:36.998996','2023-08-14 01:51:36.998996',7,45),(448,'2023-08-14 01:51:37.004224','2023-08-14 01:51:37.004224',8,45),(449,'2023-08-14 01:51:37.006388','2023-08-14 01:51:37.006388',9,45),(450,'2023-08-14 01:51:37.008424','2023-08-14 01:51:37.008424',10,45),(451,'2023-08-14 02:06:04.170356','2023-08-14 02:06:04.170356',1,47),(452,'2023-08-14 02:06:04.170263','2023-08-14 02:06:04.170263',1,46),(453,'2023-08-14 02:06:04.170461','2023-08-14 02:06:04.170461',1,48),(454,'2023-08-14 02:06:04.212369','2023-08-14 02:06:04.212369',2,48),(455,'2023-08-14 02:06:04.212313','2023-08-14 02:06:04.212313',2,46),(456,'2023-08-14 02:06:04.211682','2023-08-14 02:06:04.211682',2,47),(457,'2023-08-14 02:06:04.220335','2023-08-14 02:06:04.220335',3,46),(458,'2023-08-14 02:06:04.219201','2023-08-14 02:06:04.219201',3,48),(459,'2023-08-14 02:06:04.221756','2023-08-14 02:06:04.221756',3,47),(460,'2023-08-14 02:06:04.227396','2023-08-14 02:06:04.227396',4,48),(461,'2023-08-14 02:06:04.226967','2023-08-14 02:06:04.226967',4,46),(462,'2023-08-14 02:06:04.232643','2023-08-14 02:06:04.232643',4,47),(463,'2023-08-14 02:06:04.239377','2023-08-14 02:06:04.239377',5,48),(464,'2023-08-14 02:06:04.242644','2023-08-14 02:06:04.242644',5,47),(465,'2023-08-14 02:06:04.241368','2023-08-14 02:06:04.241368',5,46),(466,'2023-08-14 02:06:04.247471','2023-08-14 02:06:04.247471',6,48),(467,'2023-08-14 02:06:04.249107','2023-08-14 02:06:04.249107',6,46),(468,'2023-08-14 02:06:04.249308','2023-08-14 02:06:04.249308',6,47),(469,'2023-08-14 02:06:04.262060','2023-08-14 02:06:04.262060',7,46),(470,'2023-08-14 02:06:04.256052','2023-08-14 02:06:04.256052',7,48),(471,'2023-08-14 02:06:04.261580','2023-08-14 02:06:04.261580',7,47),(472,'2023-08-14 02:06:04.268138','2023-08-14 02:06:04.268138',8,48),(473,'2023-08-14 02:06:04.269098','2023-08-14 02:06:04.269098',8,46),(474,'2023-08-14 02:06:04.273294','2023-08-14 02:06:04.273294',8,47),(475,'2023-08-14 02:06:04.281276','2023-08-14 02:06:04.281276',9,46),(476,'2023-08-14 02:06:04.281596','2023-08-14 02:06:04.281596',9,47),(477,'2023-08-14 02:06:04.280860','2023-08-14 02:06:04.280860',9,48),(478,'2023-08-14 02:06:04.288403','2023-08-14 02:06:04.288403',10,46),(479,'2023-08-14 02:06:04.289689','2023-08-14 02:06:04.289689',10,47),(480,'2023-08-14 02:06:04.293291','2023-08-14 02:06:04.293291',10,48),(481,'2023-08-14 03:21:19.502102','2023-08-14 03:21:19.502102',1,49),(482,'2023-08-14 03:21:19.525672','2023-08-14 03:21:19.525672',2,49),(483,'2023-08-14 03:21:19.528542','2023-08-14 03:21:19.528542',3,49),(484,'2023-08-14 03:21:19.530911','2023-08-14 03:21:19.530911',4,49),(485,'2023-08-14 03:21:19.534115','2023-08-14 03:21:19.534115',5,49),(486,'2023-08-14 03:21:19.538670','2023-08-14 03:21:19.538670',6,49),(487,'2023-08-14 03:21:19.540643','2023-08-14 03:21:19.540643',7,49),(488,'2023-08-14 03:21:19.543096','2023-08-14 03:21:19.543096',8,49),(489,'2023-08-14 03:21:19.545922','2023-08-14 03:21:19.545922',9,49),(490,'2023-08-14 03:21:19.562522','2023-08-14 03:21:19.562522',10,49),(491,'2023-08-14 03:21:20.834771','2023-08-14 03:21:20.834771',1,50),(492,'2023-08-14 03:21:20.845618','2023-08-14 03:21:20.845618',2,50),(493,'2023-08-14 03:21:20.860436','2023-08-14 03:21:20.860436',3,50),(494,'2023-08-14 03:21:20.863644','2023-08-14 03:21:20.863644',4,50),(495,'2023-08-14 03:21:20.867452','2023-08-14 03:21:20.867452',5,50),(496,'2023-08-14 03:21:20.878686','2023-08-14 03:21:20.878686',6,50),(497,'2023-08-14 03:21:20.886663','2023-08-14 03:21:20.886663',7,50),(498,'2023-08-14 03:21:20.890106','2023-08-14 03:21:20.890106',8,50),(499,'2023-08-14 03:21:20.896966','2023-08-14 03:21:20.896966',9,50),(500,'2023-08-14 03:21:20.902660','2023-08-14 03:21:20.902660',10,50),(501,'2023-08-14 04:41:13.747659','2023-08-14 04:41:13.747659',1,51),(502,'2023-08-14 04:41:13.780615','2023-08-14 04:41:13.780615',2,51),(503,'2023-08-14 04:41:13.786002','2023-08-14 04:41:13.786002',3,51),(504,'2023-08-14 04:41:13.789392','2023-08-14 04:41:13.789392',4,51),(505,'2023-08-14 04:41:13.792943','2023-08-14 04:41:13.792943',5,51),(506,'2023-08-14 04:41:13.795039','2023-08-14 04:41:13.795039',6,51),(507,'2023-08-14 04:41:13.802435','2023-08-14 04:41:13.802435',7,51),(508,'2023-08-14 04:41:13.804276','2023-08-14 04:41:13.804276',8,51),(509,'2023-08-14 04:41:13.806620','2023-08-14 04:41:13.806620',9,51),(510,'2023-08-14 04:41:13.808684','2023-08-14 04:41:13.808684',10,51),(511,'2023-08-14 04:42:42.675788','2023-08-14 04:42:42.675788',1,52),(512,'2023-08-14 04:42:42.679125','2023-08-14 04:42:42.679125',2,52),(513,'2023-08-14 04:42:42.681403','2023-08-14 04:42:42.681403',3,52),(514,'2023-08-14 04:42:42.693226','2023-08-14 04:42:42.693226',4,52),(515,'2023-08-14 04:42:42.695361','2023-08-14 04:42:42.695361',5,52),(516,'2023-08-14 04:42:42.697168','2023-08-14 04:42:42.697168',6,52),(517,'2023-08-14 04:42:42.698993','2023-08-14 04:42:42.698993',7,52),(518,'2023-08-14 04:42:42.701860','2023-08-14 04:42:42.701860',8,52),(519,'2023-08-14 04:42:42.704042','2023-08-14 04:42:42.704042',9,52),(520,'2023-08-14 04:42:42.706330','2023-08-14 04:42:42.706330',10,52),(521,'2023-08-14 04:45:02.632902','2023-08-14 04:45:02.632902',1,53),(522,'2023-08-14 04:45:02.635457','2023-08-14 04:45:02.635457',2,53),(523,'2023-08-14 04:45:02.637501','2023-08-14 04:45:02.637501',3,53),(524,'2023-08-14 04:45:02.645907','2023-08-14 04:45:02.645907',4,53),(525,'2023-08-14 04:45:02.647680','2023-08-14 04:45:02.647680',5,53),(526,'2023-08-14 04:45:02.651382','2023-08-14 04:45:02.651382',6,53),(527,'2023-08-14 04:45:02.653161','2023-08-14 04:45:02.653161',7,53),(528,'2023-08-14 04:45:02.655942','2023-08-14 04:45:02.655942',8,53),(529,'2023-08-14 04:45:02.657673','2023-08-14 04:45:02.657673',9,53),(530,'2023-08-14 04:45:02.660187','2023-08-14 04:45:02.660187',10,53),(531,'2023-08-14 04:46:19.814952','2023-08-14 04:46:19.814952',1,54),(532,'2023-08-14 04:46:19.825989','2023-08-14 04:46:19.825989',2,54),(533,'2023-08-14 04:46:19.828440','2023-08-14 04:46:19.828440',3,54),(534,'2023-08-14 04:46:19.830134','2023-08-14 04:46:19.830134',4,54),(535,'2023-08-14 04:46:19.832029','2023-08-14 04:46:19.832029',5,54),(536,'2023-08-14 04:46:19.834022','2023-08-14 04:46:19.834022',6,54),(537,'2023-08-14 04:46:19.836245','2023-08-14 04:46:19.836245',7,54),(538,'2023-08-14 04:46:19.837963','2023-08-14 04:46:19.837963',8,54),(539,'2023-08-14 04:46:19.839938','2023-08-14 04:46:19.839938',9,54),(540,'2023-08-14 04:46:19.845749','2023-08-14 04:46:19.845749',10,54),(541,'2023-08-14 04:53:04.014841','2023-08-14 04:53:04.014841',1,55),(542,'2023-08-14 04:53:04.017074','2023-08-14 04:53:04.017074',2,55),(543,'2023-08-14 04:53:04.018828','2023-08-14 04:53:04.018828',3,55),(544,'2023-08-14 04:53:04.020638','2023-08-14 04:53:04.020638',4,55),(545,'2023-08-14 04:53:04.023723','2023-08-14 04:53:04.023723',5,55),(546,'2023-08-14 04:53:04.026525','2023-08-14 04:53:04.026525',6,55),(547,'2023-08-14 04:53:04.028807','2023-08-14 04:53:04.028807',7,55),(548,'2023-08-14 04:53:04.034286','2023-08-14 04:53:04.034286',8,55),(549,'2023-08-14 04:53:04.051339','2023-08-14 04:53:04.051339',9,55),(550,'2023-08-14 04:53:04.054357','2023-08-14 04:53:04.054357',10,55),(551,'2023-08-14 04:56:19.818747','2023-08-14 04:56:19.818747',1,56),(552,'2023-08-14 04:56:19.821359','2023-08-14 04:56:19.821359',2,56),(553,'2023-08-14 04:56:19.823018','2023-08-14 04:56:19.823018',3,56),(554,'2023-08-14 04:56:19.824663','2023-08-14 04:56:19.824663',4,56),(555,'2023-08-14 04:56:19.827116','2023-08-14 04:56:19.827116',5,56),(556,'2023-08-14 04:56:19.828989','2023-08-14 04:56:19.828989',6,56),(557,'2023-08-14 04:56:19.830668','2023-08-14 04:56:19.830668',7,56),(558,'2023-08-14 04:56:19.832511','2023-08-14 04:56:19.832511',8,56),(559,'2023-08-14 04:56:19.838360','2023-08-14 04:56:19.838360',9,56),(560,'2023-08-14 04:56:19.840326','2023-08-14 04:56:19.840326',10,56),(561,'2023-08-14 05:02:30.117813','2023-08-14 05:02:30.117813',1,57),(562,'2023-08-14 05:02:30.119607','2023-08-14 05:02:30.119607',2,57),(563,'2023-08-14 05:02:30.121336','2023-08-14 05:02:30.121336',3,57),(564,'2023-08-14 05:02:30.133774','2023-08-14 05:02:30.133774',4,57),(565,'2023-08-14 05:02:30.135529','2023-08-14 05:02:30.135529',5,57),(566,'2023-08-14 05:02:30.137222','2023-08-14 05:02:30.137222',6,57),(567,'2023-08-14 05:02:30.138965','2023-08-14 05:02:30.138965',7,57),(568,'2023-08-14 05:02:30.143209','2023-08-14 05:02:30.143209',8,57),(569,'2023-08-14 05:02:30.145837','2023-08-14 05:02:30.145837',9,57),(570,'2023-08-14 05:02:30.148718','2023-08-14 05:02:30.148718',10,57),(571,'2023-08-14 05:03:32.195713','2023-08-14 05:03:32.195713',1,58),(572,'2023-08-14 05:03:32.197297','2023-08-14 05:03:32.197297',2,58),(573,'2023-08-14 05:03:32.199339','2023-08-14 05:03:32.199339',3,58),(574,'2023-08-14 05:03:32.204502','2023-08-14 05:03:32.204502',4,58),(575,'2023-08-14 05:03:32.207828','2023-08-14 05:03:32.207828',5,58),(576,'2023-08-14 05:03:32.210646','2023-08-14 05:03:32.210646',6,58),(577,'2023-08-14 05:03:32.212556','2023-08-14 05:03:32.212556',7,58),(578,'2023-08-14 05:03:32.214250','2023-08-14 05:03:32.214250',8,58),(579,'2023-08-14 05:03:32.216155','2023-08-14 05:03:32.216155',9,58),(580,'2023-08-14 05:03:32.217783','2023-08-14 05:03:32.217783',10,58),(581,'2023-08-14 05:03:54.972478','2023-08-14 05:03:54.972478',1,59),(582,'2023-08-14 05:03:54.974205','2023-08-14 05:03:54.974205',2,59),(583,'2023-08-14 05:03:54.976500','2023-08-14 05:03:54.976500',3,59),(584,'2023-08-14 05:03:54.978295','2023-08-14 05:03:54.978295',4,59),(585,'2023-08-14 05:03:54.979972','2023-08-14 05:03:54.979972',5,59),(586,'2023-08-14 05:03:54.981650','2023-08-14 05:03:54.981650',6,59),(587,'2023-08-14 05:03:54.983307','2023-08-14 05:03:54.983307',7,59),(588,'2023-08-14 05:03:54.984943','2023-08-14 05:03:54.984943',8,59),(589,'2023-08-14 05:03:54.986625','2023-08-14 05:03:54.986625',9,59),(590,'2023-08-14 05:03:54.988209','2023-08-14 05:03:54.988209',10,59),(591,'2023-08-14 05:05:48.530615','2023-08-14 05:05:48.530615',1,60),(592,'2023-08-14 05:05:48.532210','2023-08-14 05:05:48.532210',2,60),(593,'2023-08-14 05:05:48.533797','2023-08-14 05:05:48.533797',3,60),(594,'2023-08-14 05:05:48.535394','2023-08-14 05:05:48.535394',4,60),(595,'2023-08-14 05:05:48.537003','2023-08-14 05:05:48.537003',5,60),(596,'2023-08-14 05:05:48.538567','2023-08-14 05:05:48.538567',6,60),(597,'2023-08-14 05:05:48.540212','2023-08-14 05:05:48.540212',7,60),(598,'2023-08-14 05:05:48.541866','2023-08-14 05:05:48.541866',8,60),(599,'2023-08-14 05:05:48.543541','2023-08-14 05:05:48.543541',9,60),(600,'2023-08-14 05:05:48.545358','2023-08-14 05:05:48.545358',10,60),(601,'2023-08-14 05:07:18.272202','2023-08-14 05:07:18.272202',1,61),(602,'2023-08-14 05:07:18.273948','2023-08-14 05:07:18.273948',2,61),(603,'2023-08-14 05:07:18.278679','2023-08-14 05:07:18.278679',3,61),(604,'2023-08-14 05:07:18.287856','2023-08-14 05:07:18.287856',4,61),(605,'2023-08-14 05:07:18.290166','2023-08-14 05:07:18.290166',5,61),(606,'2023-08-14 05:07:18.291935','2023-08-14 05:07:18.291935',6,61),(607,'2023-08-14 05:07:18.294754','2023-08-14 05:07:18.294754',7,61),(608,'2023-08-14 05:07:18.296938','2023-08-14 05:07:18.296938',8,61),(609,'2023-08-14 05:07:18.300643','2023-08-14 05:07:18.300643',9,61),(610,'2023-08-14 05:07:18.313808','2023-08-14 05:07:18.313808',10,61),(611,'2023-08-14 05:07:45.148180','2023-08-14 05:07:45.148180',1,62),(612,'2023-08-14 05:07:45.151126','2023-08-14 05:07:45.151126',2,62),(613,'2023-08-14 05:07:45.158650','2023-08-14 05:07:45.158650',3,62),(614,'2023-08-14 05:07:45.160306','2023-08-14 05:07:45.160306',4,62),(615,'2023-08-14 05:07:45.161908','2023-08-14 05:07:45.161908',5,62),(616,'2023-08-14 05:07:45.163934','2023-08-14 05:07:45.163934',6,62),(617,'2023-08-14 05:07:45.166394','2023-08-14 05:07:45.166394',7,62),(618,'2023-08-14 05:07:45.168261','2023-08-14 05:07:45.168261',8,62),(619,'2023-08-14 05:07:45.170853','2023-08-14 05:07:45.170853',9,62),(620,'2023-08-14 05:07:45.178636','2023-08-14 05:07:45.178636',10,62),(621,'2023-08-14 05:36:28.354905','2023-08-14 05:36:28.354905',1,63),(622,'2023-08-14 05:36:28.382570','2023-08-14 05:36:28.382570',2,63),(623,'2023-08-14 05:36:28.385713','2023-08-14 05:36:28.385713',3,63),(624,'2023-08-14 05:36:28.387530','2023-08-14 05:36:28.387530',4,63),(625,'2023-08-14 05:36:28.397619','2023-08-14 05:36:28.397619',5,63),(626,'2023-08-14 05:36:28.400912','2023-08-14 05:36:28.400912',6,63),(627,'2023-08-14 05:36:28.402864','2023-08-14 05:36:28.402864',7,63),(628,'2023-08-14 05:36:28.404601','2023-08-14 05:36:28.404601',8,63),(629,'2023-08-14 05:36:28.441036','2023-08-14 05:36:28.441036',9,63),(630,'2023-08-14 05:36:28.443961','2023-08-14 05:36:28.443961',10,63),(641,'2023-08-14 21:29:16.397064','2023-08-14 21:29:16.397064',1,65),(642,'2023-08-14 21:29:16.420626','2023-08-14 21:29:16.420626',2,65),(643,'2023-08-14 21:29:16.429151','2023-08-14 21:29:16.429151',3,65),(644,'2023-08-14 21:29:16.430796','2023-08-14 21:29:16.430796',4,65),(645,'2023-08-14 21:29:16.432378','2023-08-14 21:29:16.432378',5,65),(646,'2023-08-14 21:29:16.434313','2023-08-14 21:29:16.434313',6,65),(647,'2023-08-14 21:29:16.436432','2023-08-14 21:29:16.436432',7,65),(648,'2023-08-14 21:29:16.438067','2023-08-14 21:29:16.438067',8,65),(649,'2023-08-14 21:29:16.457273','2023-08-14 21:29:16.457273',9,65),(650,'2023-08-14 21:29:16.458697','2023-08-14 21:29:16.458697',10,65),(651,'2023-08-15 02:09:29.833101','2023-08-15 02:09:29.833101',1,66),(652,'2023-08-15 02:09:29.852072','2023-08-15 02:09:29.852072',2,66),(653,'2023-08-15 02:09:29.853105','2023-08-15 02:09:29.853105',3,66),(654,'2023-08-15 02:09:29.854556','2023-08-15 02:09:29.854556',4,66),(655,'2023-08-15 02:09:29.857282','2023-08-15 02:09:29.857282',5,66),(656,'2023-08-15 02:09:29.860376','2023-08-15 02:09:29.860376',6,66),(657,'2023-08-15 02:09:29.862190','2023-08-15 02:09:29.862190',7,66),(658,'2023-08-15 02:09:29.868116','2023-08-15 02:09:29.868116',8,66),(659,'2023-08-15 02:09:29.869683','2023-08-15 02:09:29.869683',9,66),(660,'2023-08-15 02:09:29.871335','2023-08-15 02:09:29.871335',10,66),(661,'2023-08-15 02:10:48.750995','2023-08-15 02:10:48.750995',1,67),(662,'2023-08-15 02:10:48.752507','2023-08-15 02:10:48.752507',2,67),(663,'2023-08-15 02:10:48.754390','2023-08-15 02:10:48.754390',3,67),(664,'2023-08-15 02:10:48.755900','2023-08-15 02:10:48.755900',4,67),(665,'2023-08-15 02:10:48.759034','2023-08-15 02:10:48.759034',5,67),(666,'2023-08-15 02:10:48.760686','2023-08-15 02:10:48.760686',6,67),(667,'2023-08-15 02:10:48.762723','2023-08-15 02:10:48.762723',7,67),(668,'2023-08-15 02:10:48.764687','2023-08-15 02:10:48.764687',8,67),(669,'2023-08-15 02:10:48.768325','2023-08-15 02:10:48.768325',9,67),(670,'2023-08-15 02:10:48.781131','2023-08-15 02:10:48.781131',10,67),(671,'2023-08-16 00:54:55.242437','2023-08-16 00:54:55.242437',1,68),(672,'2023-08-16 00:54:55.283309','2023-08-16 00:54:55.283309',2,68),(673,'2023-08-16 00:54:55.287763','2023-08-16 00:54:55.287763',3,68),(674,'2023-08-16 00:54:55.289835','2023-08-16 00:54:55.289835',4,68),(675,'2023-08-16 00:54:55.291777','2023-08-16 00:54:55.291777',5,68),(676,'2023-08-16 00:54:55.294060','2023-08-16 00:54:55.294060',6,68),(677,'2023-08-16 00:54:55.299690','2023-08-16 00:54:55.299690',7,68),(678,'2023-08-16 00:54:55.301320','2023-08-16 00:54:55.301320',8,68),(679,'2023-08-16 00:54:55.304537','2023-08-16 00:54:55.304537',9,68),(680,'2023-08-16 00:54:55.306865','2023-08-16 00:54:55.306865',10,68),(681,'2023-08-16 07:07:17.239977','2023-08-16 07:07:17.239977',1,69),(682,'2023-08-16 07:07:17.280524','2023-08-16 07:07:17.280524',2,69),(683,'2023-08-16 07:07:17.282387','2023-08-16 07:07:17.282387',3,69),(684,'2023-08-16 07:07:17.297490','2023-08-16 07:07:17.297490',4,69),(685,'2023-08-16 07:07:17.299155','2023-08-16 07:07:17.299155',5,69),(686,'2023-08-16 07:07:17.300967','2023-08-16 07:07:17.300967',6,69),(687,'2023-08-16 07:07:17.302947','2023-08-16 07:07:17.302947',7,69),(688,'2023-08-16 07:07:17.311796','2023-08-16 07:07:17.311796',8,69),(689,'2023-08-16 07:07:17.313385','2023-08-16 07:07:17.313385',9,69),(690,'2023-08-16 07:07:17.314958','2023-08-16 07:07:17.314958',10,69),(691,'2023-08-16 07:36:58.191891','2023-08-16 07:36:58.191891',1,70),(692,'2023-08-16 07:36:58.205737','2023-08-16 07:36:58.205737',1,71),(693,'2023-08-16 07:36:58.216780','2023-08-16 07:36:58.216780',2,71),(694,'2023-08-16 07:36:58.216022','2023-08-16 07:36:58.216022',2,70),(695,'2023-08-16 07:36:58.221547','2023-08-16 07:36:58.221547',3,70),(696,'2023-08-16 07:36:58.220607','2023-08-16 07:36:58.220607',3,71),(697,'2023-08-16 07:36:58.225895','2023-08-16 07:36:58.225895',4,70),(698,'2023-08-16 07:36:58.225678','2023-08-16 07:36:58.225678',4,71),(699,'2023-08-16 07:36:58.229012','2023-08-16 07:36:58.229012',5,70),(700,'2023-08-16 07:36:58.234805','2023-08-16 07:36:58.234805',5,71),(701,'2023-08-16 07:36:58.236947','2023-08-16 07:36:58.236947',6,70),(702,'2023-08-16 07:36:58.239469','2023-08-16 07:36:58.239469',6,71),(703,'2023-08-16 07:36:58.242074','2023-08-16 07:36:58.242074',7,70),(704,'2023-08-16 07:36:58.244144','2023-08-16 07:36:58.244144',7,71),(705,'2023-08-16 07:36:58.246480','2023-08-16 07:36:58.246480',8,70),(706,'2023-08-16 07:36:58.254498','2023-08-16 07:36:58.254498',8,71),(707,'2023-08-16 07:36:58.257245','2023-08-16 07:36:58.257245',9,70),(708,'2023-08-16 07:36:58.260906','2023-08-16 07:36:58.260906',9,71),(709,'2023-08-16 07:36:58.261263','2023-08-16 07:36:58.261263',10,70),(710,'2023-08-16 07:36:58.266165','2023-08-16 07:36:58.266165',10,71),(711,'2023-08-16 09:22:22.460717','2023-08-16 09:22:22.460717',1,72),(712,'2023-08-16 09:22:22.475880','2023-08-16 09:22:22.475880',2,72),(713,'2023-08-16 09:22:22.486006','2023-08-16 09:22:22.486006',3,72),(714,'2023-08-16 09:22:22.491254','2023-08-16 09:22:22.491254',4,72),(715,'2023-08-16 09:22:22.492935','2023-08-16 09:22:22.492935',5,72),(716,'2023-08-16 09:22:22.504259','2023-08-16 09:22:22.504259',6,72),(717,'2023-08-16 09:22:22.506099','2023-08-16 09:22:22.506099',7,72),(718,'2023-08-16 09:22:22.508303','2023-08-16 09:22:22.508303',8,72),(719,'2023-08-16 09:22:22.511137','2023-08-16 09:22:22.511137',9,72),(720,'2023-08-16 09:22:22.512994','2023-08-16 09:22:22.512994',10,72),(721,'2023-08-16 13:45:07.587604','2023-08-16 13:45:07.587604',1,73),(722,'2023-08-16 13:45:07.596281','2023-08-16 13:45:07.596281',2,73),(723,'2023-08-16 13:45:07.598004','2023-08-16 13:45:07.598004',3,73),(724,'2023-08-16 13:45:07.600336','2023-08-16 13:45:07.600336',4,73),(725,'2023-08-16 13:45:07.602722','2023-08-16 13:45:07.602722',5,73),(726,'2023-08-16 13:45:07.604821','2023-08-16 13:45:07.604821',6,73),(727,'2023-08-16 13:45:07.608053','2023-08-16 13:45:07.608053',7,73),(728,'2023-08-16 13:45:07.609619','2023-08-16 13:45:07.609619',8,73),(729,'2023-08-16 13:45:07.612017','2023-08-16 13:45:07.612017',9,73),(730,'2023-08-16 13:45:07.614390','2023-08-16 13:45:07.614390',10,73),(731,'2023-08-16 14:14:16.030017','2023-08-16 14:14:16.030017',1,74),(732,'2023-08-16 14:14:16.044751','2023-08-16 14:14:16.044751',2,74),(733,'2023-08-16 14:14:16.046460','2023-08-16 14:14:16.046460',3,74),(734,'2023-08-16 14:14:16.054709','2023-08-16 14:14:16.054709',4,74),(735,'2023-08-16 14:14:16.056241','2023-08-16 14:14:16.056241',5,74),(736,'2023-08-16 14:14:16.057973','2023-08-16 14:14:16.057973',6,74),(737,'2023-08-16 14:14:16.059522','2023-08-16 14:14:16.059522',7,74),(738,'2023-08-16 14:14:16.061225','2023-08-16 14:14:16.061225',8,74),(739,'2023-08-16 14:14:16.063545','2023-08-16 14:14:16.063545',9,74),(740,'2023-08-16 14:14:16.066028','2023-08-16 14:14:16.066028',10,74),(741,'2023-08-16 16:30:38.682958','2023-08-16 16:30:38.682958',1,75),(742,'2023-08-16 16:30:38.724832','2023-08-16 16:30:38.724832',2,75),(743,'2023-08-16 16:30:38.731447','2023-08-16 16:30:38.731447',3,75),(744,'2023-08-16 16:30:38.734730','2023-08-16 16:30:38.734730',4,75),(745,'2023-08-16 16:30:38.739622','2023-08-16 16:30:38.739622',5,75),(746,'2023-08-16 16:30:38.743314','2023-08-16 16:30:38.743314',6,75),(747,'2023-08-16 16:30:38.745654','2023-08-16 16:30:38.745654',7,75),(748,'2023-08-16 16:30:38.747642','2023-08-16 16:30:38.747642',8,75),(749,'2023-08-16 16:30:38.751554','2023-08-16 16:30:38.751554',9,75),(750,'2023-08-16 16:30:38.764028','2023-08-16 16:30:38.764028',10,75),(751,'2023-08-17 05:13:07.859073','2023-08-17 05:13:07.859073',1,77),(752,'2023-08-17 05:13:07.859843','2023-08-17 05:13:07.859843',1,76),(753,'2023-08-17 05:13:07.938549','2023-08-17 05:13:07.938549',2,77),(754,'2023-08-17 05:13:07.937852','2023-08-17 05:13:07.937852',2,76),(755,'2023-08-17 05:13:07.944074','2023-08-17 05:13:07.944074',3,76),(756,'2023-08-17 05:13:07.941949','2023-08-17 05:13:07.941949',3,77),(757,'2023-08-17 05:13:07.946304','2023-08-17 05:13:07.946304',4,77),(758,'2023-08-17 05:13:07.946637','2023-08-17 05:13:07.946637',4,76),(759,'2023-08-17 05:13:07.950637','2023-08-17 05:13:07.950637',5,77),(760,'2023-08-17 05:13:07.954396','2023-08-17 05:13:07.954396',5,76),(761,'2023-08-17 05:13:07.962308','2023-08-17 05:13:07.962308',6,77),(762,'2023-08-17 05:13:07.963349','2023-08-17 05:13:07.963349',6,76),(763,'2023-08-17 05:13:07.966241','2023-08-17 05:13:07.966241',7,77),(764,'2023-08-17 05:13:07.970881','2023-08-17 05:13:07.970881',7,76),(765,'2023-08-17 05:13:07.971873','2023-08-17 05:13:07.971873',8,77),(766,'2023-08-17 05:13:07.973949','2023-08-17 05:13:07.973949',8,76),(767,'2023-08-17 05:13:07.976077','2023-08-17 05:13:07.976077',9,77),(768,'2023-08-17 05:13:07.979511','2023-08-17 05:13:07.979511',9,76),(769,'2023-08-17 05:13:07.981302','2023-08-17 05:13:07.981302',10,77),(770,'2023-08-17 05:13:07.986356','2023-08-17 05:13:07.986356',10,76),(771,'2023-08-17 05:28:59.989229','2023-08-17 05:28:59.989229',1,78),(772,'2023-08-17 05:29:00.060067','2023-08-17 05:29:00.060067',2,78),(773,'2023-08-17 05:29:00.062347','2023-08-17 05:29:00.062347',3,78),(774,'2023-08-17 05:29:00.067310','2023-08-17 05:29:00.067310',4,78),(775,'2023-08-17 05:29:00.070811','2023-08-17 05:29:00.070811',5,78),(776,'2023-08-17 05:29:00.076355','2023-08-17 05:29:00.076355',6,78),(777,'2023-08-17 05:29:00.085407','2023-08-17 05:29:00.085407',7,78),(778,'2023-08-17 05:29:00.088468','2023-08-17 05:29:00.088468',8,78),(779,'2023-08-17 05:29:00.091330','2023-08-17 05:29:00.091330',9,78),(780,'2023-08-17 05:29:00.094673','2023-08-17 05:29:00.094673',10,78),(781,'2023-08-17 05:29:25.337248','2023-08-17 05:29:25.337248',1,79),(782,'2023-08-17 05:29:25.342088','2023-08-17 05:29:25.342088',2,79),(783,'2023-08-17 05:29:25.344363','2023-08-17 05:29:25.344363',3,79),(784,'2023-08-17 05:29:25.350351','2023-08-17 05:29:25.350351',4,79),(785,'2023-08-17 05:29:25.352358','2023-08-17 05:29:25.352358',5,79),(786,'2023-08-17 05:29:25.354600','2023-08-17 05:29:25.354600',6,79),(787,'2023-08-17 05:29:25.356978','2023-08-17 05:29:25.356978',7,79),(788,'2023-08-17 05:29:25.359417','2023-08-17 05:29:25.359417',8,79),(789,'2023-08-17 05:29:25.362003','2023-08-17 05:29:25.362003',9,79),(790,'2023-08-17 05:29:25.371692','2023-08-17 05:29:25.371692',10,79);
/*!40000 ALTER TABLE `dance_music` ENABLE KEYS */;
UNLOCK TABLES;

--
-- Table structure for table `heart`
--

DROP TABLE IF EXISTS `heart`;
/*!40101 SET @saved_cs_client     = @@character_set_client */;
/*!40101 SET character_set_client = utf8 */;
CREATE TABLE `heart` (
  `heart_id` bigint(20) NOT NULL AUTO_INCREMENT,
  `created_at` datetime(6) DEFAULT NULL,
  `modified_at` datetime(6) DEFAULT NULL,
  `music_apply_id` bigint(20) DEFAULT NULL,
  `user_id` bigint(20) DEFAULT NULL,
  PRIMARY KEY (`heart_id`),
  KEY `FKcldra4vaybwy6dn4scwy1sjao` (`music_apply_id`),
  KEY `FKk0sc7b2jvs3tg5ql5fehknp5e` (`user_id`),
  CONSTRAINT `FKcldra4vaybwy6dn4scwy1sjao` FOREIGN KEY (`music_apply_id`) REFERENCES `music_apply` (`music_apply_id`),
  CONSTRAINT `FKk0sc7b2jvs3tg5ql5fehknp5e` FOREIGN KEY (`user_id`) REFERENCES `users` (`user_id`)
) ENGINE=InnoDB AUTO_INCREMENT=23 DEFAULT CHARSET=utf8mb4;
/*!40101 SET character_set_client = @saved_cs_client */;

--
-- Dumping data for table `heart`
--

LOCK TABLES `heart` WRITE;
/*!40000 ALTER TABLE `heart` DISABLE KEYS */;
INSERT INTO `heart` VALUES (2,'2023-08-06 00:00:00.000000','2023-08-06 00:00:00.000000',2,3),(3,'2023-08-06 00:00:00.000000','2023-08-06 00:00:00.000000',3,4),(4,'2023-08-06 00:00:00.000000','2023-08-06 00:00:00.000000',4,5),(5,'2023-08-06 00:00:00.000000','2023-08-06 00:00:00.000000',5,6),(6,'2023-08-09 13:13:55.294625','2023-08-09 13:13:55.294625',1,1),(7,'2023-08-09 13:14:50.270759','2023-08-09 13:14:50.270759',2,1),(8,'2023-08-14 02:08:45.402396','2023-08-14 02:08:45.402396',2,13),(9,'2023-08-14 07:11:42.241661','2023-08-14 07:11:42.241661',1,12),(10,'2023-08-14 07:11:54.870175','2023-08-14 07:11:54.870175',2,12),(11,'2023-08-14 13:47:15.802827','2023-08-14 13:47:15.802827',1,4),(13,'2023-08-16 07:59:33.088310','2023-08-16 07:59:33.088310',3,2),(14,'2023-08-16 07:59:57.995402','2023-08-16 07:59:57.995402',6,2),(15,'2023-08-16 17:28:12.833071','2023-08-16 17:28:12.833071',3,1),(17,'2023-08-16 17:30:25.396728','2023-08-16 17:30:25.396728',7,2),(18,'2023-08-16 17:30:53.501919','2023-08-16 17:30:53.501919',7,4),(20,'2023-08-16 18:19:06.710972','2023-08-16 18:19:06.710972',2,4),(21,'2023-08-16 18:29:38.795181','2023-08-16 18:29:38.795181',5,2),(22,'2023-08-16 20:36:40.368410','2023-08-16 20:36:40.368410',7,20);
/*!40000 ALTER TABLE `heart` ENABLE KEYS */;
UNLOCK TABLES;

--
-- Table structure for table `meeting`
--

DROP TABLE IF EXISTS `meeting`;
/*!40101 SET @saved_cs_client     = @@character_set_client */;
/*!40101 SET character_set_client = utf8 */;
CREATE TABLE `meeting` (
  `comment_cnt` int(11) NOT NULL DEFAULT 0,
  `end_at` datetime(6) DEFAULT NULL,
  `region` varchar(255) DEFAULT NULL,
  `start_at` datetime(6) DEFAULT NULL,
  `board_id` bigint(20) NOT NULL,
  PRIMARY KEY (`board_id`),
  CONSTRAINT `FK7rk5rg2lmeviq70pskgn4lsny` FOREIGN KEY (`board_id`) REFERENCES `board` (`board_id`)
) ENGINE=InnoDB DEFAULT CHARSET=utf8mb4;
/*!40101 SET character_set_client = @saved_cs_client */;

--
-- Dumping data for table `meeting`
--

LOCK TABLES `meeting` WRITE;
/*!40000 ALTER TABLE `meeting` DISABLE KEYS */;
INSERT INTO `meeting` VALUES (2,'2023-08-11 02:39:41.129071','서울 강남역 근처','2023-08-10 23:39:41.129071',11),(4,'2023-08-12 05:39:41.129071','서울 분당역 근처','2023-08-12 03:39:41.129071',12),(1,'2023-08-13 05:39:41.129071','인천 연수구','2023-08-13 01:39:41.129071',13),(2,'2023-08-14 07:39:41.129071','대구 동성로','2023-08-14 04:39:41.129071',14),(3,'2023-08-15 02:39:41.129071','부산 서면','2023-08-15 00:39:41.129071',15),(0,'2023-08-11 17:03:00.000000','ko','2023-08-11 16:03:00.000000',16),(0,'2023-08-15 15:00:00.000000','서울','2023-08-15 14:00:00.000000',23),(0,'2023-08-02 23:45:00.000000','test','2023-08-02 23:43:00.000000',26),(0,'2023-08-02 23:45:00.000000','test','2023-08-02 23:43:00.000000',27),(0,'2023-08-21 12:45:00.000000','test2','2023-08-21 11:45:00.000000',28),(0,'2023-08-31 18:47:00.000000','test3','2023-08-31 17:45:00.000000',29);
/*!40000 ALTER TABLE `meeting` ENABLE KEYS */;
UNLOCK TABLES;

--
-- Table structure for table `music`
--

DROP TABLE IF EXISTS `music`;
/*!40101 SET @saved_cs_client     = @@character_set_client */;
/*!40101 SET character_set_client = utf8 */;
CREATE TABLE `music` (
  `music_id` bigint(20) NOT NULL AUTO_INCREMENT,
  `created_at` datetime(6) DEFAULT NULL,
  `modified_at` datetime(6) DEFAULT NULL,
  `url` varchar(255) DEFAULT NULL,
  `answer` mediumtext DEFAULT NULL,
  `artist` varchar(255) DEFAULT NULL,
  `playtime` int(11) DEFAULT NULL,
  `title` varchar(255) DEFAULT NULL,
  PRIMARY KEY (`music_id`)
) ENGINE=InnoDB AUTO_INCREMENT=41 DEFAULT CHARSET=utf8mb4;
/*!40101 SET character_set_client = @saved_cs_client */;

--
-- Dumping data for table `music`
--

LOCK TABLES `music` WRITE;
/*!40000 ALTER TABLE `music` DISABLE KEYS */;
INSERT INTO `music` VALUES (1,NULL,'2023-08-17 01:21:27.770353','https://stepup-pi.s3.ap-northeast-2.amazonaws.com/img/album/UNNATURAL..jpg','64dcf7862b60f347d4ec42ef','WJSN',15,'UNNATURAL'),(2,NULL,'2023-08-17 01:21:27.776483','https://stepup-pi.s3.ap-northeast-2.amazonaws.com/img/album/TickTickBoom.jpg','64dcf7862b60f347d4ec42f0','CLASS:y',18,'Tick Tick Boom'),(3,NULL,'2023-08-17 01:21:27.776563','https://stepup-pi.s3.ap-northeast-2.amazonaws.com/img/album/DunDunDance.jpg','64dcf7862b60f347d4ec42f1','OH MY GIRL',17,'Dun Dun Dance'),(4,NULL,'2023-08-17 01:21:27.776621','https://stepup-pi.s3.ap-northeast-2.amazonaws.com/img/album/WANNABE.jpg','64dcf7862b60f347d4ec42f2','ITZY',16,'WANNABE'),(5,NULL,'2023-08-17 01:21:27.776674','https://stepup-pi.s3.ap-northeast-2.amazonaws.com/img/album/NonStop.jpg','64dcf7862b60f347d4ec42f3','OH MY GIRL',25,'Nonstop'),(6,NULL,'2023-08-17 01:21:27.776738','https://stepup-pi.s3.ap-northeast-2.amazonaws.com/img/album/WANNABE.jpg','64dcf7862b60f347d4ec42f4','ITZY',24,'WANNABE 2'),(7,NULL,'2023-08-17 01:21:27.776803','https://stepup-pi.s3.ap-northeast-2.amazonaws.com/img/album/RUN2U.jpg','64dcf7862b60f347d4ec42f5','STAYC',14,'RUN2U'),(8,NULL,'2023-08-17 01:21:27.776856','https://stepup-pi.s3.ap-northeast-2.amazonaws.com/img/album/TeddyBear.jpg','64dcf7862b60f347d4ec42f6','STAYC',16,'Teddy Bear'),(9,NULL,'2023-08-17 01:21:27.776909','https://stepup-pi.s3.ap-northeast-2.amazonaws.com/img/album/%EB%A7%88%ED%94%BC%EC%95%84Inthemorning.jpg','64dcf7862b60f347d4ec42f7','ITZY',27,'Mafia In the morning'),(10,NULL,'2023-08-17 01:21:27.776957','https://stepup-pi.s3.ap-northeast-2.amazonaws.com/img/album/MANIAC.jpg','64dcf7862b60f347d4ec42f8','Stray Kids',21,'MANIAC'),(11,NULL,'2023-08-17 01:21:27.777005','https://stepup-pi.s3.ap-northeast-2.amazonaws.com/img/album/0X1%3DLOVESONG.jpg','64dcf7862b60f347d4ec42f9','TXT',28,'0X1=LOVESONG'),(12,NULL,'2023-08-17 01:21:27.777053','https://stepup-pi.s3.ap-northeast-2.amazonaws.com/img/album/Ridin.jpg','64dcf7862b60f347d4ec42fa','NCT DREAM',26,'Ridin\''),(13,NULL,'2023-08-17 01:21:27.777099','https://stepup-pi.s3.ap-northeast-2.amazonaws.com/img/album/5%EC%8B%9C53%EB%B6%84%EC%9D%98%ED%95%98%EB%8A%98%EC%97%90%EC%84%9C%EB%B0%9C%EA%B2%AC%ED%95%9C%EB%84%88%EC%99%80%EB%82%98.jpg','64dcf7862b60f347d4ec42fb','TXT',18,'Blue Hour'),(14,NULL,'2023-08-17 01:21:27.777147','https://stepup-pi.s3.ap-northeast-2.amazonaws.com/img/album/PartyOClock.jpg','64dcf7862b60f347d4ec42fc','NMIXX',15,'Party O\'Clock'),(15,NULL,'2023-08-17 01:21:27.777194','https://stepup-pi.s3.ap-northeast-2.amazonaws.com/img/album/CantYouSeeMe.jpg','64dcf7862b60f347d4ec42fd','TXT',28,'Can\'t You See Me'),(16,NULL,'2023-08-17 01:21:27.777392','https://stepup-pi.s3.ap-northeast-2.amazonaws.com/img/album/Spicy.jpg','64dcf7862b60f347d4ec42fe','aespa',19,'Spicy'),(17,NULL,'2023-08-17 01:21:27.777532','https://stepup-pi.s3.ap-northeast-2.amazonaws.com/img/album/LOCO.jpg','64dcf7862b60f347d4ec42ff','ITZY',19,'LOCO'),(18,NULL,'2023-08-17 01:21:27.777586','https://stepup-pi.s3.ap-northeast-2.amazonaws.com/img/album/Ohmygod.jpg','64dcf7862b60f347d4ec4300','(G)I-DLE',18,'Oh my god'),(19,NULL,'2023-08-17 01:21:27.777637','https://stepup-pi.s3.ap-northeast-2.amazonaws.com/img/album/NotShy.jpg','64dcf7862b60f347d4ec4301','ITZY',21,'Not Shy'),(20,NULL,'2023-08-17 01:21:27.777739','https://stepup-pi.s3.ap-northeast-2.amazonaws.com/img/album/Groovy.jpg','64dcf7862b60f347d4ec4302','CRAVITY',25,'Groovy'),(21,NULL,'2023-08-17 01:21:27.777863','https://stepup-pi.s3.ap-northeast-2.amazonaws.com/img/album/AfterLIKE.jpg','64dcf7872b60f347d4ec4303','IVE',18,'After LIKE'),(22,NULL,'2023-08-17 01:21:27.777992','https://stepup-pi.s3.ap-northeast-2.amazonaws.com/img/album/DM.jpg','64dcf7872b60f347d4ec4304','fromis_9',17,'DM'),(23,NULL,'2023-08-17 01:21:27.778108','https://stepup-pi.s3.ap-northeast-2.amazonaws.com/img/album/ELEVEN.jpg','64dcf7872b60f347d4ec4305','IVE',20,'ELEVEN'),(24,NULL,'2023-08-17 01:21:27.778314','https://stepup-pi.s3.ap-northeast-2.amazonaws.com/img/album/LOVEDIVE.jpg','64dcf7872b60f347d4ec4306','IVE',37,'LOVE DIVE'),(25,NULL,'2023-08-17 01:21:27.778484','https://stepup-pi.s3.ap-northeast-2.amazonaws.com/img/album/WEGO.jpg','64dcf7872b60f347d4ec4307','fromis_9',15,'WE GO'),(26,NULL,'2023-08-17 01:21:27.778635','https://stepup-pi.s3.ap-northeast-2.amazonaws.com/img/album/Giddy.jpg','64dcf7872b60f347d4ec4308','Kep1er',30,'Giddy'),(27,NULL,'2023-08-17 01:21:27.778771','https://stepup-pi.s3.ap-northeast-2.amazonaws.com/img/album/FEARLESS.jpg','64dcf7872b60f347d4ec4309','LE SSERAFIM',21,'FEARLESS'),(28,NULL,'2023-08-17 01:21:27.778892','https://stepup-pi.s3.ap-northeast-2.amazonaws.com/img/album/SNEAKERS.jpg','64dcf7872b60f347d4ec430a','ITZY',16,'SNEAKERS'),(29,NULL,'2023-08-17 01:21:27.778997','https://stepup-pi.s3.ap-northeast-2.amazonaws.com/img/album/SoWhat.jpg','64dcf7872b60f347d4ec430b','LOONA',27,'So What'),(30,NULL,'2023-08-17 01:21:27.779104','https://stepup-pi.s3.ap-northeast-2.amazonaws.com/img/album/KickIt..jpg','64dcf7872b60f347d4ec430c','NCT 127',24,'Kick It'),(31,NULL,'2023-08-17 01:21:27.779219','https://stepup-pi.s3.ap-northeast-2.amazonaws.com/img/album/SuperShy.jpg','64dcf7872b60f347d4ec430d','NewJeans',26,'Super Shy'),(32,NULL,'2023-08-17 01:21:27.779324','https://stepup-pi.s3.ap-northeast-2.amazonaws.com/img/album/Superhuman.jpg','64dcf7872b60f347d4ec430e','NCT 127',17,'Superhuman'),(33,NULL,'2023-08-17 01:21:27.779440','https://stepup-pi.s3.ap-northeast-2.amazonaws.com/img/album/Umpah+Umpah.jpg','64dcf7872b60f347d4ec430f','Red Velvet',18,'Umpah Umpah'),(34,NULL,'2023-08-17 01:21:27.779543','https://stepup-pi.s3.ap-northeast-2.amazonaws.com/img/album/BOOM.jpg','64dcf7872b60f347d4ec4310','NCT DREAM',17,'BOOM'),(35,NULL,'2023-08-17 01:21:27.779656','https://stepup-pi.s3.ap-northeast-2.amazonaws.com/img/album/%EC%86%8C%EB%A6%AC%EA%BE%BC.jpg','64dcf7872b60f347d4ec4311','Stray Kids',23,'Thunderous'),(36,NULL,'2023-08-17 01:21:27.779761','https://stepup-pi.s3.ap-northeast-2.amazonaws.com/img/album/HelloFuture.jpg','64dcf7872b60f347d4ec4312','NCT DREAM',23,'Hello Future'),(37,NULL,'2023-08-17 01:21:27.779872','https://stepup-pi.s3.ap-northeast-2.amazonaws.com/img/album/SuperShy.jpg','64dcf7872b60f347d4ec4313','NewJeans',16,'ETA'),(38,NULL,'2023-08-17 01:21:27.779973','https://stepup-pi.s3.ap-northeast-2.amazonaws.com/img/album/DICE.jpg','64dcf7872b60f347d4ec4314','NMIXX',16,'DICE'),(39,NULL,'2023-08-17 01:21:27.780099','https://stepup-pi.s3.ap-northeast-2.amazonaws.com/img/album/LoveMeLikeThis.jpg','64dcf7872b60f347d4ec4315','NMIXX',20,'Love Me Like This'),(40,NULL,'2023-08-17 01:21:27.780197','https://stepup-pi.s3.ap-northeast-2.amazonaws.com/img/album/pi.jpg','64dcf7872b60f347d4ec4316','pi',11,'국민체조');
/*!40000 ALTER TABLE `music` ENABLE KEYS */;
UNLOCK TABLES;

--
-- Table structure for table `music_apply`
--

DROP TABLE IF EXISTS `music_apply`;
/*!40101 SET @saved_cs_client     = @@character_set_client */;
/*!40101 SET character_set_client = utf8 */;
CREATE TABLE `music_apply` (
  `music_apply_id` bigint(20) NOT NULL AUTO_INCREMENT,
  `created_at` datetime(6) DEFAULT NULL,
  `modified_at` datetime(6) DEFAULT NULL,
  `artist` varchar(255) DEFAULT NULL,
  `content` varchar(255) DEFAULT NULL,
  `heart_cnt` int(11) DEFAULT 0,
  `title` varchar(255) DEFAULT NULL,
  `writer_id` bigint(20) DEFAULT NULL,
  PRIMARY KEY (`music_apply_id`),
  KEY `FK3orj3t15pm2px6wcq2h3j00jd` (`writer_id`),
  CONSTRAINT `FK3orj3t15pm2px6wcq2h3j00jd` FOREIGN KEY (`writer_id`) REFERENCES `users` (`user_id`)
) ENGINE=InnoDB AUTO_INCREMENT=9 DEFAULT CHARSET=utf8mb4;
/*!40101 SET character_set_client = @saved_cs_client */;

--
-- Dumping data for table `music_apply`
--

LOCK TABLES `music_apply` WRITE;
/*!40000 ALTER TABLE `music_apply` DISABLE KEYS */;
INSERT INTO `music_apply` VALUES (1,'2023-08-01 00:00:00.000000','2023-08-16 18:22:25.234071','NEWJEANS','이 곡은 가사와 멜로디가 너무 사랑스럽고 경쾌해서 연습실에 추가해주셨으면 좋겠습니다. 마음을 환기하고 기분 좋은 에너지를 얻을 수 있을 것 같아요. 제 춤 실력을 향상시키는 동기가 되는 이 노래와 함께 행복한 시간을 보내고 싶습니다.',3,'New Jeans',2),(2,'2023-08-01 00:00:00.000000','2023-08-16 18:21:56.932381','NEWJEANS','이 곡은 매력적인 멜로디와 따뜻한 가사로 가득 차 있어서 노래 연습실에서 함께 부르고 싶습니다. 이 곡을 연습하면서 내면의 감정을 표현하는 법을 더욱 향상시킬 수 있을 것 같아요.\'Super Shy\'를 추며 자신감을 더해보고 싶습니다.',5,'Super Shy',3),(3,'2023-08-01 00:00:00.000000','2023-08-16 17:28:12.953585','NEWJEANS','이 곡은 다이나믹한 사운드와 중독성 있는 리듬이 너무 좋아서 춤추고 싶습니다. \'ETA\'는 저를 더욱 다채롭게 표현할 수 있는 기회가 될 것 같아요. 연습실에서 이 곡을 연습하며 더 나은 춤 실력을 향상시키고 싶습니다.',3,'ETA',4),(4,'2023-08-01 00:00:00.000000','2023-08-16 18:29:48.834811','NEWJEANS','이 곡은 부드러운 분위기와 고요한 가사가 마음을 안정시켜줘서 연습실에 추가해주셨으면 좋겠습니다. 이 곡을 추며 감정을 더 깊게 전달하고, 보다 섬세한 표현력을 키워보고 싶습니다. 여러분과 함께 \'Cool With You\'를 추며 마음을 편안하게 녹일 수 있으면 좋겠어요.',1,'Cool With You',5),(5,'2023-08-01 00:00:00.000000','2023-08-16 18:29:38.850880','NEWJEANS','이 곡은 활기찬 리듬과 격렬한 에너지가 느껴져서 연습실에서 함께 열정을 표현하고 싶습니다. 이 곡을 추며 에너지 넘치는 시간을 공유하며 몸과 마음을 활기차게 만들어보고 싶어요. \'Get Up\'을 추면서 자유로운 분위기 속에서 춤 실력을 더욱 향상시키고 싶습니다.',2,'Get Up',6),(6,'2023-08-11 03:34:34.714201','2023-08-16 07:59:57.998903','장혜리','감성곡도 춤출 수 있습니다...',1,'내게 남은 사랑을 드릴게요',10),(7,'2023-08-14 05:45:14.203510','2023-08-16 20:36:40.503645','Michael Jackson','테스트용으로 신청합니다.',3,'billie jean',12),(8,'2023-08-16 23:39:25.752543','2023-08-16 23:39:25.752543','이날치','한국적인 춤이 가장 세계적인 것이죠.',0,'범내려온다',2);
/*!40000 ALTER TABLE `music_apply` ENABLE KEYS */;
UNLOCK TABLES;

--
-- Table structure for table `notice`
--

DROP TABLE IF EXISTS `notice`;
/*!40101 SET @saved_cs_client     = @@character_set_client */;
/*!40101 SET character_set_client = utf8 */;
CREATE TABLE `notice` (
  `board_id` bigint(20) NOT NULL,
  `random_dance_id` bigint(20) DEFAULT NULL,
  PRIMARY KEY (`board_id`),
  KEY `FKa4fpcqikjmw1fu9k2pao1j21x` (`random_dance_id`),
  CONSTRAINT `FK9fprbxl106wuljx29qrvc445y` FOREIGN KEY (`board_id`) REFERENCES `board` (`board_id`),
  CONSTRAINT `FKa4fpcqikjmw1fu9k2pao1j21x` FOREIGN KEY (`random_dance_id`) REFERENCES `random_dance` (`random_dance_id`)
) ENGINE=InnoDB DEFAULT CHARSET=utf8mb4;
/*!40101 SET character_set_client = @saved_cs_client */;

--
-- Dumping data for table `notice`
--

LOCK TABLES `notice` WRITE;
/*!40000 ALTER TABLE `notice` DISABLE KEYS */;
INSERT INTO `notice` VALUES (2,NULL),(3,NULL),(1,1),(4,1),(5,5);
/*!40000 ALTER TABLE `notice` ENABLE KEYS */;
UNLOCK TABLES;

--
-- Table structure for table `point_history`
--

DROP TABLE IF EXISTS `point_history`;
/*!40101 SET @saved_cs_client     = @@character_set_client */;
/*!40101 SET character_set_client = utf8 */;
CREATE TABLE `point_history` (
  `point_history_id` bigint(20) NOT NULL AUTO_INCREMENT,
  `created_at` datetime(6) DEFAULT NULL,
  `modified_at` datetime(6) DEFAULT NULL,
  `count` int(11) DEFAULT NULL,
  `point_policy_id` bigint(20) DEFAULT NULL,
  `random_dance_id` bigint(20) DEFAULT NULL,
  `user_id` bigint(20) DEFAULT NULL,
  PRIMARY KEY (`point_history_id`),
  KEY `FK9m3v06cwt4e99wcc7iu9nhc16` (`point_policy_id`),
  KEY `FKbo9gnn6751v3skfaeysokab14` (`random_dance_id`),
  KEY `FKlmm2nu7f5elblp2o2w2rrcwhl` (`user_id`),
  CONSTRAINT `FK9m3v06cwt4e99wcc7iu9nhc16` FOREIGN KEY (`point_policy_id`) REFERENCES `point_policy` (`point_policy_id`),
  CONSTRAINT `FKbo9gnn6751v3skfaeysokab14` FOREIGN KEY (`random_dance_id`) REFERENCES `random_dance` (`random_dance_id`),
  CONSTRAINT `FKlmm2nu7f5elblp2o2w2rrcwhl` FOREIGN KEY (`user_id`) REFERENCES `users` (`user_id`)
) ENGINE=InnoDB AUTO_INCREMENT=143 DEFAULT CHARSET=utf8mb4;
/*!40101 SET character_set_client = @saved_cs_client */;

--
-- Dumping data for table `point_history`
--

LOCK TABLES `point_history` WRITE;
/*!40000 ALTER TABLE `point_history` DISABLE KEYS */;
INSERT INTO `point_history` VALUES (1,'2023-08-01 00:00:00.000000','2023-08-01 00:00:00.000000',1,5,1,2),(2,'2023-08-01 00:00:00.000000','2023-08-01 00:00:00.000000',1,5,2,3),(3,'2023-08-01 00:00:00.000000','2023-08-01 00:00:00.000000',1,1,1,3),(4,'2023-08-01 00:00:00.000000','2023-08-01 00:00:00.000000',1,2,1,4),(5,'2023-08-01 00:00:00.000000','2023-08-01 00:00:00.000000',1,3,1,5),(6,'2023-08-01 00:00:00.000000','2023-08-01 00:00:00.000000',3,4,1,3),(7,'2023-08-01 00:00:00.000000','2023-08-01 00:00:00.000000',2,4,1,4),(8,'2023-08-01 00:00:00.000000','2023-08-01 00:00:00.000000',2,4,1,5),(9,'2023-08-01 00:00:00.000000','2023-08-01 00:00:00.000000',1,4,1,6),(10,'2023-08-01 00:00:00.000000','2023-08-01 00:00:00.000000',1,4,1,7),(11,'2023-08-01 00:00:00.000000','2023-08-01 00:00:00.000000',5,6,NULL,2),(12,'2023-08-14 15:03:30.562643','2023-08-14 15:03:30.562643',1,6,NULL,8),(13,'2023-08-14 06:08:21.945925','2023-08-14 06:08:21.945925',1,6,NULL,8),(14,'2023-08-14 12:26:41.741091','2023-08-14 12:26:41.741091',1,6,NULL,5),(15,'2023-08-15 23:24:45.148101','2023-08-15 23:24:45.148101',1,6,NULL,2),(16,'2023-08-16 00:56:21.388433','2023-08-16 00:56:21.388433',1,6,NULL,6),(17,'2023-08-16 00:59:21.834056','2023-08-16 00:59:21.834056',1,6,NULL,6),(18,'2023-08-16 00:59:24.474477','2023-08-16 00:59:24.474477',1,6,NULL,2),(19,'2023-08-16 01:00:23.142652','2023-08-16 01:00:23.142652',1,6,NULL,6),(20,'2023-08-16 01:00:46.084564','2023-08-16 01:00:46.084564',1,6,NULL,6),(21,'2023-08-16 01:08:28.603022','2023-08-16 01:08:28.603022',1,6,NULL,6),(22,'2023-08-16 01:09:20.150153','2023-08-16 01:09:20.150153',1,6,NULL,6),(23,'2023-08-16 01:49:03.471939','2023-08-16 01:49:03.471939',1,6,NULL,6),(24,'2023-08-16 01:50:59.404527','2023-08-16 01:50:59.404527',1,6,NULL,6),(25,'2023-08-16 01:51:49.028032','2023-08-16 01:51:49.028032',1,6,NULL,6),(26,'2023-08-16 01:52:30.580005','2023-08-16 01:52:30.580005',1,6,NULL,6),(27,'2023-08-16 01:54:21.808022','2023-08-16 01:54:21.808022',1,6,NULL,6),(28,'2023-08-16 01:55:03.813881','2023-08-16 01:55:03.813881',1,6,NULL,6),(29,'2023-08-16 01:55:43.261083','2023-08-16 01:55:43.261083',1,6,NULL,6),(30,'2023-08-16 02:00:49.129411','2023-08-16 02:00:49.129411',1,6,NULL,6),(31,'2023-08-16 02:04:59.696837','2023-08-16 02:04:59.696837',1,6,NULL,6),(32,'2023-08-16 02:06:47.234118','2023-08-16 02:06:47.234118',1,6,NULL,6),(33,'2023-08-16 02:07:39.963546','2023-08-16 02:07:39.963546',1,6,NULL,6),(34,'2023-08-16 02:08:26.341204','2023-08-16 02:08:26.341204',1,6,NULL,6),(35,'2023-08-16 03:21:20.079221','2023-08-16 03:21:20.079221',1,6,NULL,6),(36,'2023-08-16 03:22:55.260113','2023-08-16 03:22:55.260113',1,6,NULL,6),(37,'2023-08-16 03:24:22.718399','2023-08-16 03:24:22.718399',1,6,NULL,6),(38,'2023-08-16 03:25:10.300336','2023-08-16 03:25:10.300336',1,6,NULL,6),(39,'2023-08-16 03:25:51.068789','2023-08-16 03:25:51.068789',1,6,NULL,6),(40,'2023-08-16 03:26:37.932307','2023-08-16 03:26:37.932307',1,6,NULL,6),(41,'2023-08-16 07:35:18.023992','2023-08-16 07:35:18.023992',1,5,NULL,2),(42,'2023-08-16 07:40:36.131710','2023-08-16 07:40:36.131710',1,5,71,1),(44,'2023-08-16 13:52:48.844339','2023-08-16 13:52:48.844339',1,5,73,2),(45,'2023-08-16 14:00:31.130242','2023-08-16 14:00:31.130242',1,6,NULL,2),(46,'2023-08-16 14:01:08.094197','2023-08-16 14:01:08.094197',1,6,NULL,2),(47,'2023-08-16 14:02:13.453360','2023-08-16 14:02:13.453360',1,6,NULL,2),(48,'2023-08-16 14:03:05.613085','2023-08-16 14:03:05.613085',1,6,NULL,2),(49,'2023-08-16 15:01:29.082211','2023-08-16 15:01:29.082211',1,6,NULL,6),(50,'2023-08-16 15:02:24.717208','2023-08-16 15:02:24.717208',1,6,NULL,6),(51,'2023-08-16 15:03:26.836932','2023-08-16 15:03:26.836932',1,6,NULL,6),(52,'2023-08-16 15:21:57.192325','2023-08-16 15:21:57.192325',1,6,NULL,6),(53,'2023-08-16 15:22:52.531035','2023-08-16 15:22:52.531035',1,6,NULL,2),(54,'2023-08-16 15:26:06.648452','2023-08-16 15:26:06.648452',1,6,NULL,2),(55,'2023-08-16 15:26:42.901719','2023-08-16 15:26:42.901719',1,6,NULL,2),(56,'2023-08-16 15:27:15.833828','2023-08-16 15:27:15.833828',1,6,NULL,2),(57,'2023-08-16 15:27:49.109749','2023-08-16 15:27:49.109749',1,6,NULL,2),(58,'2023-08-16 15:28:22.670873','2023-08-16 15:28:22.670873',1,6,NULL,2),(59,'2023-08-16 15:43:28.361636','2023-08-16 15:43:28.361636',1,6,NULL,2),(60,'2023-08-16 15:44:19.007644','2023-08-16 15:44:19.007644',1,6,NULL,2),(61,'2023-08-16 15:46:03.470562','2023-08-16 15:46:03.470562',1,6,NULL,2),(62,'2023-08-16 15:46:51.343749','2023-08-16 15:46:51.343749',1,6,NULL,2),(63,'2023-08-16 15:49:03.124165','2023-08-16 15:49:03.124165',1,6,NULL,2),(64,'2023-08-16 15:49:36.562129','2023-08-16 15:49:36.562129',1,6,NULL,2),(65,'2023-08-16 15:54:34.450642','2023-08-16 15:54:34.450642',1,6,NULL,6),(66,'2023-08-16 15:55:29.977771','2023-08-16 15:55:29.977771',1,6,NULL,2),(67,'2023-08-16 15:56:08.089699','2023-08-16 15:56:08.089699',1,6,NULL,2),(68,'2023-08-16 15:56:58.839772','2023-08-16 15:56:58.839772',1,6,NULL,2),(69,'2023-08-16 15:57:46.629335','2023-08-16 15:57:46.629335',1,6,NULL,2),(70,'2023-08-16 15:58:41.940083','2023-08-16 15:58:41.940083',1,6,NULL,2),(71,'2023-08-16 15:59:43.230215','2023-08-16 15:59:43.230215',1,6,NULL,2),(72,'2023-08-16 16:00:15.652366','2023-08-16 16:00:15.652366',1,6,NULL,2),(73,'2023-08-16 16:01:11.481123','2023-08-16 16:01:11.481123',1,6,NULL,2),(74,'2023-08-16 16:01:49.507433','2023-08-16 16:01:49.507433',1,6,NULL,2),(75,'2023-08-16 16:02:29.458502','2023-08-16 16:02:29.458502',1,6,NULL,2),(76,'2023-08-16 16:03:18.466909','2023-08-16 16:03:18.466909',1,6,NULL,2),(77,'2023-08-16 16:04:14.884652','2023-08-16 16:04:14.884652',1,6,NULL,2),(78,'2023-08-16 16:06:34.691851','2023-08-16 16:06:34.691851',1,6,NULL,2),(79,'2023-08-16 16:07:14.079578','2023-08-16 16:07:14.079578',1,6,NULL,2),(80,'2023-08-16 16:08:07.911284','2023-08-16 16:08:07.911284',1,6,NULL,2),(81,'2023-08-16 16:08:48.728233','2023-08-16 16:08:48.728233',1,6,NULL,2),(82,'2023-08-16 16:09:25.888125','2023-08-16 16:09:25.888125',1,6,NULL,2),(83,'2023-08-16 16:10:00.291557','2023-08-16 16:10:00.291557',1,6,NULL,2),(84,'2023-08-16 16:10:31.321354','2023-08-16 16:10:31.321354',1,6,NULL,2),(85,'2023-08-16 16:24:02.159444','2023-08-16 16:24:02.159444',1,6,NULL,6),(86,'2023-08-16 16:24:49.068510','2023-08-16 16:24:49.068510',1,6,NULL,2),(87,'2023-08-16 16:25:43.604332','2023-08-16 16:25:43.604332',1,6,NULL,2),(88,'2023-08-16 16:25:56.866884','2023-08-16 16:25:56.866884',1,6,NULL,2),(89,'2023-08-16 16:26:23.531070','2023-08-16 16:26:23.531070',1,6,NULL,2),(90,'2023-08-16 16:26:37.806303','2023-08-16 16:26:37.806303',1,6,NULL,2),(91,'2023-08-16 16:27:31.667145','2023-08-16 16:27:31.667145',1,6,NULL,2),(92,'2023-08-16 16:27:47.144415','2023-08-16 16:27:47.144415',1,6,NULL,2),(93,'2023-08-16 16:28:15.738044','2023-08-16 16:28:15.738044',1,6,NULL,2),(94,'2023-08-16 16:28:55.541256','2023-08-16 16:28:55.541256',1,6,NULL,2),(95,'2023-08-16 16:29:21.472175','2023-08-16 16:29:21.472175',1,6,NULL,2),(96,'2023-08-16 16:30:02.772424','2023-08-16 16:30:02.772424',1,6,NULL,2),(97,'2023-08-16 16:31:31.583819','2023-08-16 16:31:31.583819',1,6,NULL,2),(98,'2023-08-16 16:33:29.427238','2023-08-16 16:33:29.427238',1,6,NULL,2),(99,'2023-08-16 16:34:34.076394','2023-08-16 16:34:34.076394',1,6,NULL,2),(100,'2023-08-16 16:35:18.270106','2023-08-16 16:35:18.270106',1,6,NULL,2),(101,'2023-08-16 16:36:11.719119','2023-08-16 16:36:11.719119',1,6,NULL,2),(102,'2023-08-16 16:36:44.689985','2023-08-16 16:36:44.689985',1,6,NULL,2),(103,'2023-08-16 16:37:15.072962','2023-08-16 16:37:15.072962',1,6,NULL,2),(104,'2023-08-16 16:37:47.643346','2023-08-16 16:37:47.643346',1,6,NULL,2),(105,'2023-08-16 16:38:37.189436','2023-08-16 16:38:37.189436',1,6,NULL,2),(106,'2023-08-16 16:39:09.696290','2023-08-16 16:39:09.696290',1,6,NULL,2),(107,'2023-08-16 16:39:47.909778','2023-08-16 16:39:47.909778',1,6,NULL,2),(108,'2023-08-16 16:40:20.725547','2023-08-16 16:40:20.725547',1,6,NULL,2),(109,'2023-08-16 16:42:55.638467','2023-08-16 16:42:55.638467',1,6,NULL,2),(110,'2023-08-16 16:43:30.694161','2023-08-16 16:43:30.694161',1,6,NULL,2),(111,'2023-08-16 16:44:24.334438','2023-08-16 16:44:24.334438',1,6,NULL,2),(112,'2023-08-16 16:44:55.366389','2023-08-16 16:44:55.366389',1,6,NULL,2),(113,'2023-08-16 16:45:31.285194','2023-08-16 16:45:31.285194',1,6,NULL,2),(114,'2023-08-16 23:37:33.432872','2023-08-16 23:37:33.432872',1,6,NULL,21),(115,'2023-08-17 00:33:05.406125','2023-08-17 00:33:05.406125',1,6,NULL,2),(116,'2023-08-17 00:33:36.963416','2023-08-17 00:33:36.963416',1,6,NULL,2),(117,'2023-08-17 00:37:03.090329','2023-08-17 00:37:03.090329',1,6,NULL,5),(118,'2023-08-17 00:37:32.884477','2023-08-17 00:37:32.884477',1,6,NULL,2),(119,'2023-08-17 00:41:21.749922','2023-08-17 00:41:21.749922',1,6,NULL,2),(120,'2023-08-17 00:44:34.849793','2023-08-17 00:44:34.849793',1,6,NULL,2),(121,'2023-08-17 00:46:11.128488','2023-08-17 00:46:11.128488',1,6,NULL,2),(122,'2023-08-17 00:50:17.593524','2023-08-17 00:50:17.593524',1,6,NULL,2),(123,'2023-08-17 00:51:05.024457','2023-08-17 00:51:05.024457',1,6,NULL,2),(124,'2023-08-17 00:52:00.918196','2023-08-17 00:52:00.918196',1,6,NULL,2),(125,'2023-08-17 00:54:27.204736','2023-08-17 00:54:27.204736',1,6,NULL,2),(126,'2023-08-17 00:55:10.960131','2023-08-17 00:55:10.960131',1,6,NULL,2),(127,'2023-08-17 01:02:21.899732','2023-08-17 01:02:21.899732',1,6,NULL,2),(128,'2023-08-17 01:03:02.487591','2023-08-17 01:03:02.487591',1,6,NULL,2),(129,'2023-08-17 04:09:07.903833','2023-08-17 04:09:07.903833',1,6,NULL,6),(130,'2023-08-17 04:12:53.573078','2023-08-17 04:12:53.573078',1,6,NULL,2),(131,'2023-08-17 04:13:38.011999','2023-08-17 04:13:38.011999',1,6,NULL,2),(132,'2023-08-17 04:17:44.002249','2023-08-17 04:17:44.002249',1,6,NULL,2),(133,'2023-08-17 04:28:49.298701','2023-08-17 04:28:49.298701',1,6,NULL,2),(134,'2023-08-17 05:13:35.492780','2023-08-17 05:13:35.492780',1,6,NULL,6),(135,'2023-08-17 05:15:09.792841','2023-08-17 05:15:09.792841',1,6,NULL,2),(136,'2023-08-17 05:18:46.397423','2023-08-17 05:18:46.397423',1,6,NULL,2),(137,'2023-08-17 05:18:54.205740','2023-08-17 05:18:54.205740',1,6,NULL,2),(138,'2023-08-17 05:30:11.456891','2023-08-17 05:30:11.456891',0,4,76,2),(139,'2023-08-17 05:30:32.029323','2023-08-17 05:30:32.029323',0,4,76,1),(140,'2023-08-17 05:30:36.435134','2023-08-17 05:30:36.435134',0,4,76,2),(141,'2023-08-17 05:33:32.338259','2023-08-17 05:33:32.338259',0,4,76,2),(142,'2023-08-17 05:33:45.596990','2023-08-17 05:33:45.596990',0,4,76,2);
/*!40000 ALTER TABLE `point_history` ENABLE KEYS */;
UNLOCK TABLES;

--
-- Table structure for table `point_policy`
--

DROP TABLE IF EXISTS `point_policy`;
/*!40101 SET @saved_cs_client     = @@character_set_client */;
/*!40101 SET character_set_client = utf8 */;
CREATE TABLE `point_policy` (
  `point_policy_id` bigint(20) NOT NULL AUTO_INCREMENT,
  `created_at` datetime(6) DEFAULT NULL,
  `modified_at` datetime(6) DEFAULT NULL,
  `point` int(11) DEFAULT NULL,
  `point_type` varchar(255) DEFAULT NULL,
  PRIMARY KEY (`point_policy_id`)
) ENGINE=InnoDB AUTO_INCREMENT=7 DEFAULT CHARSET=utf8mb4;
/*!40101 SET character_set_client = @saved_cs_client */;

--
-- Dumping data for table `point_policy`
--

LOCK TABLES `point_policy` WRITE;
/*!40000 ALTER TABLE `point_policy` DISABLE KEYS */;
INSERT INTO `point_policy` VALUES (1,'2023-08-09 13:39:38.038710','2023-08-09 13:39:38.038710',100,'FIRST_PRIZE'),(2,'2023-08-09 13:39:38.085686','2023-08-09 13:39:38.085686',50,'SECOND_PRIZE'),(3,'2023-08-09 13:39:38.104812','2023-08-09 13:39:38.104812',30,'THIRD_PRIZE'),(4,'2023-08-09 13:39:38.131901','2023-08-09 13:39:38.131901',5,'SUCCESS_MUSIC'),(5,'2023-08-09 13:39:38.154833','2023-08-09 13:39:38.154833',50,'OPEN_DANCE'),(6,'2023-08-09 13:39:38.177943','2023-08-09 13:39:38.177943',3,'PRACTICE_ROOM');
/*!40000 ALTER TABLE `point_policy` ENABLE KEYS */;
UNLOCK TABLES;

--
-- Table structure for table `random_dance`
--

DROP TABLE IF EXISTS `random_dance`;
/*!40101 SET @saved_cs_client     = @@character_set_client */;
/*!40101 SET character_set_client = utf8 */;
CREATE TABLE `random_dance` (
  `random_dance_id` bigint(20) NOT NULL AUTO_INCREMENT,
  `created_at` datetime(6) DEFAULT NULL,
  `modified_at` datetime(6) DEFAULT NULL,
  `content` varchar(255) DEFAULT NULL,
  `dance_type` varchar(255) DEFAULT NULL,
  `end_at` datetime(6) DEFAULT NULL,
  `max_user` int(11) NOT NULL,
  `start_at` datetime(6) DEFAULT NULL,
  `thumbnail` varchar(255) DEFAULT NULL,
  `title` varchar(255) DEFAULT NULL,
  `user_id` bigint(20) DEFAULT NULL,
  PRIMARY KEY (`random_dance_id`),
  KEY `FK8nouijrf5cy9b7pc86w7tbwsn` (`user_id`),
  CONSTRAINT `FK8nouijrf5cy9b7pc86w7tbwsn` FOREIGN KEY (`user_id`) REFERENCES `users` (`user_id`)
) ENGINE=InnoDB AUTO_INCREMENT=80 DEFAULT CHARSET=utf8mb4;
/*!40101 SET character_set_client = @saved_cs_client */;

--
-- Dumping data for table `random_dance`
--

LOCK TABLES `random_dance` WRITE;
/*!40000 ALTER TABLE `random_dance` DISABLE KEYS */;
INSERT INTO `random_dance` VALUES (1,'2023-08-01 00:00:00.000000','2023-08-01 00:00:00.000000','모든 준비가 끝났어요! 랜덤 댄스 파티가 시작됩니다. 함께 즐기며 세상을 흔들어봐요. 마음을 열고 새로운 친구들과 함께 춤을 추며 특별한 순간을 만들어보세요.','RANKING','2023-08-31 18:00:00.000000',10,'2023-08-01 10:00:00.000000','url','세상을 흔들어라! 오늘은 우리의 랜덤 댄스 파티 날!',4),(2,'2023-08-01 00:00:00.000000','2023-08-01 00:00:00.000000','춤은 마법과 같은 힘을 갖고 있어요. 랜덤으로 선택된 리듬과 움직임으로 펼쳐지는 춤의 세계에 빠져보세요. 감각적인 음악과 함께 신나게 춤을 즐기며 일상을 잠시 잊어보는 건 어떨까요?','RANKING','2023-08-31 18:00:00.000000',10,'2023-08-01 10:00:00.000000','url','움직임의 마법! 랜덤으로 펼쳐지는 춤의 세계',4),(3,'2023-08-01 00:00:00.000000','2023-08-01 00:00:00.000000','오늘은 주사위처럼 몸을 굴려서 랜덤으로 선택된 춤을 추는 놀라운 경험을 해보세요! 어떤 스타일이 나올지 미리 예상할 수 없는 재미와 설렘으로 가득찬 하루를 보낼 준비가 되셨나요?','RANKING','2023-08-31 18:00:00.000000',10,'2023-08-01 10:00:00.000000','url','당신의 몸을 주사위처럼 굴려보세요! 랜덤 댄스의 모든 것',4),(4,'2023-08-01 00:00:00.000000','2023-08-01 00:00:00.000000','우주적인 에너지로 물들어진 랜덤 댄스 대회가 찾아왔어요! 빛나는 별 아래서 펼쳐지는 이 축제에 함께해보세요. 다양한 음악에 맞춰 춤을 추며 최고의 댄서가 되어보는 건 어떨까요?','RANKING','2023-08-31 18:00:00.000000',10,'2023-08-01 10:00:00.000000','url','힘을 내어 춤추라! 오늘은 우주적 랜덤 댄스 대회!',4),(5,'2023-08-01 00:00:00.000000','2023-08-01 00:00:00.000000','음악의 흐름에 맞춰 랜덤한 리듬으로 여행을 떠나보세요. 각기 다른 춤 스타일을 탐험하며 새로운 경험과 만남을 만들어보는 것은 어떨까요? 모험심을 자극하는 이 춤의 여정에 동참해보세요!','RANKING','2023-08-31 18:00:00.000000',10,'2023-08-01 10:00:00.000000','url','춤 속의 모험, 랜덤한 리듬에 맞춰 떠나는 여행',4),(6,'2023-08-01 00:00:00.000000','2023-08-01 00:00:00.000000','힘들고 지친 하루를 랜덤 댄스로 흔들어보세요. 음악에 몸을 맡기며 스트레스와 피로를 떨쳐내는 시간을 가져보는 건 어떨까요? 즐거운 음악과 함께 춤추며 새로운 활력을 얻어보세요.','BASIC','2023-08-31 18:00:00.000000',15,'2023-08-20 10:00:00.000000','url','하루의 스트레스를 흔들어놓을 때! 랜덤 댄스 터치',5),(7,'2023-08-01 00:00:00.000000','2023-08-01 00:00:00.000000','비트와 리듬이 느껴지는 음악에 몸을 맡겨보세요. 랜덤하게 선택된 곡들과 함께 춤추며 신나는 시간을 만끽해보세요. 음악의 마법에 빠져들어 설렘을 느껴보는 것은 어떨까요?','BASIC','2023-08-31 18:00:00.000000',15,'2023-08-20 10:00:00.000000','url','비트가 주는 설렘! 랜덤 음악에 신나게 몸을 맡겨요',5),(8,'2023-08-01 00:00:00.000000','2023-08-01 00:00:00.000000','랜덤으로 선택된 춤에 몸을 맡기면 예상치 못한 즐거움이 찾아올지도 모릅니다. 춤에 녹아드는 순간을 느끼며 랜덤 선택의 특별한 매력을 경험해보세요. 당신의 몸이 이야기하는 순간을 함께해보는 건 어떨까요?','BASIC','2023-08-31 18:00:00.000000',15,'2023-08-20 10:00:00.000000','url','춤에 녹아드는 순간, 랜덤 선택이 가져다주는 즐거움',5),(9,'2023-08-01 00:00:00.000000','2023-08-01 00:00:00.000000','랜덤 댄스 파티에 여러분을 초대합니다! 함께 모여 즐겁게 춤을 추며 특별한 시간을 만들어보세요. 새로운 친구들과의 만남과 함께하는 즐거움을 놓치지 마세요.','BASIC','2023-08-31 18:00:00.000000',15,'2023-08-20 10:00:00.000000','url','함께라면 더 즐거운! 랜덤 파티로 초대합니다',5),(10,'2023-08-01 00:00:00.000000','2023-08-01 00:00:00.000000','음악과 춤이 만들어내는 하모니를 느껴보세요. 서로 다른 춤 스타일을 통해 연결되는 랜덤 댄스의 매력을 느껴보며, 우리의 다양성과 개성이 어떻게 아름다운 하모니를 이루는지 함께 탐색해보세요.','BASIC','2023-08-31 18:00:00.000000',15,'2023-08-20 10:00:00.000000','url','춤의 연결고리, 우리의 하모니! 랜덤 댄스로 만나요',5),(11,'2023-08-11 07:41:11.080675','2023-08-11 07:41:11.080675','새로 만들기 방 내용','RANKING','2023-08-11 17:41:00.000000',4,'2023-08-11 16:41:00.000000','','새로 만들기 방 제목',1),(12,'2023-08-11 08:20:48.813246','2023-08-11 08:20:48.813246','새로운 방 내용입니다.','RANKING','2023-08-11 19:20:00.000000',3,'2023-08-11 17:20:00.000000','','새로운 방을 만듭시다',1),(13,'2023-08-11 11:12:24.388793','2023-08-11 11:12:24.388793','sdfds','RANKING','2023-08-11 21:13:00.000000',4,'2023-08-11 20:12:00.000000','','0811_TEST',4),(14,'2023-08-11 11:12:26.083502','2023-08-11 11:12:26.083502','sdfds','RANKING','2023-08-11 21:13:00.000000',4,'2023-08-11 20:12:00.000000','','0811_TEST',4),(15,'2023-08-11 11:28:57.872838','2023-08-11 11:28:57.872838','sdfdsds','RANKING','2023-08-11 21:29:00.000000',4,'2023-08-11 20:28:00.000000','','0811_TEST2',4),(16,'2023-08-11 11:34:57.719752','2023-08-11 11:34:57.719752','테스트!!!!','RANKING','2023-08-11 21:34:00.000000',4,'2023-08-11 20:34:00.000000','','0811_TEST3',4),(17,'2023-08-11 11:47:50.936760','2023-08-11 11:47:50.936760','방제목2222','RANKING','2023-08-11 22:47:00.000000',3,'2023-08-11 20:47:00.000000','','방제목2222',2),(18,'2023-08-11 12:17:07.061714','2023-08-11 12:17:07.061714','방내용12132123132','RANKING','2023-08-11 22:17:00.000000',3,'2023-08-11 21:17:00.000000','','방제목2213213123',2),(19,'2023-08-11 12:20:21.848094','2023-08-11 12:20:21.848094','방내용ㅁㄴ어ㅑ러ㅐㅂ32ㄱㄴㅇㄻㄴ','RANKING','2023-08-11 22:20:00.000000',3,'2023-08-11 21:20:00.000000','','방ㅁㅇ라ㅓㅁㄴ로ㅑㅐㅁㄴ랴ㅐ',2),(20,'2023-08-11 12:23:57.018216','2023-08-11 12:23:57.018216','12121212121212121','RANKING','2023-08-11 23:23:00.000000',3,'2023-08-11 21:23:00.000000','','1212121212121212',2),(21,'2023-08-11 12:41:01.409785','2023-08-11 12:41:01.409785','test','RANKING','2023-08-11 22:40:00.000000',3,'2023-08-11 21:40:00.000000','','test',1),(22,'2023-08-11 12:44:03.437576','2023-08-11 12:44:03.437576','456456','RANKING','2023-08-11 22:43:00.000000',3,'2023-08-11 21:43:00.000000','','444455556666',2),(23,'2023-08-11 13:10:25.980570','2023-08-11 13:10:25.980570','개최','RANKING','2023-08-11 23:10:00.000000',3,'2023-08-11 22:10:00.000000','','개최',1),(24,'2023-08-11 13:41:35.045502','2023-08-11 13:41:35.045502','방 내용','RANKING','2023-08-11 23:41:00.000000',3,'2023-08-11 22:41:00.000000','','방 제목',2),(25,'2023-08-11 14:47:58.196086','2023-08-11 14:47:58.196086','음원 안겹침 테스트','RANKING','2023-08-11 21:47:00.000000',3,'2023-08-11 19:47:00.000000','','음원 안겹침 테스트',1),(26,'2023-08-11 14:49:24.769626','2023-08-11 14:49:24.769626','음원안겹침 테스트2','RANKING','2023-08-11 23:59:00.000000',3,'2023-08-11 23:49:00.000000','','음원안겹침 테스트2',1),(27,'2023-08-11 15:44:42.328338','2023-08-11 15:44:42.328338','ㄻㄴㅇ리ㅏㄴ얼;ㅣㅏㄴ얼','RANKING','2023-08-12 01:44:00.000000',4,'2023-08-12 00:44:00.000000','','ㄻ너리ㅏㄴ어ㅏ럼ㄴㅇ런',2),(28,'2023-08-11 18:14:49.929241','2023-08-11 18:14:49.929241','test','RANKING','2023-08-12 05:14:00.000000',4,'2023-08-12 03:14:00.000000','','test',1),(29,'2023-08-11 18:36:53.385499','2023-08-11 18:36:53.385499','motiontest','RANKING','2023-08-12 04:36:00.000000',3,'2023-08-12 03:36:00.000000','','motiontest',1),(30,'2023-08-11 23:32:53.133787','2023-08-11 23:32:53.133787','화면 테스트','RANKING','2023-08-12 09:32:00.000000',3,'2023-08-12 08:32:00.000000','','화면 테스트',2),(31,'2023-08-11 23:35:06.335043','2023-08-11 23:35:06.335043','음원 불러오기 테스트','RANKING','2023-08-12 09:35:00.000000',3,'2023-08-12 08:34:00.000000','','음원 불러오기 테스트',2),(32,'2023-08-12 02:21:03.279721','2023-08-12 02:21:03.279721','12일 사전테스트','RANKING','2023-08-12 11:55:00.000000',3,'2023-08-12 11:20:00.000000','','12일 사전테스트',1),(33,'2023-08-12 02:35:43.756061','2023-08-12 02:35:43.756061','테스트','BASIC','2023-08-12 15:35:00.000000',6,'2023-08-12 10:35:00.000000','','12일 테스트2',3),(34,'2023-08-12 02:37:05.261427','2023-08-12 02:37:05.261427','12 사전테스트22','RANKING','2023-08-12 11:57:00.000000',6,'2023-08-12 11:36:00.000000','','12 사전테스트22',1),(35,'2023-08-12 02:43:15.568535','2023-08-12 02:43:15.568535','테스트','RANKING','2023-08-12 12:49:00.000000',2,'2023-08-12 11:43:00.000000','','최대인원2명설정후 3명접근테스트',3),(36,'2023-08-12 03:03:43.600127','2023-08-12 03:03:43.600127','0812 모의 테스트','RANKING','2023-08-12 13:03:00.000000',10,'2023-08-12 12:03:00.000000','','0812 모의 테스트',5),(37,'2023-08-12 03:07:33.164562','2023-08-12 03:07:33.164562','0812 모의 테스트 2','RANKING','2023-08-12 13:07:00.000000',10,'2023-08-12 12:07:00.000000','','0812 모의 테스트 2',5),(38,'2023-08-12 03:12:29.538725','2023-08-12 03:12:29.538725','같이 놀아요','BASIC','2023-08-12 14:12:00.000000',6,'2023-08-12 12:12:00.000000','','파이팀과 함께 춤을!',3),(39,'2023-08-12 03:14:50.101190','2023-08-12 03:14:50.101190','sdgfasgafsfs','RANKING','2023-08-12 13:14:00.000000',4,'2023-08-12 12:14:00.000000','','fjasdkfjkasd.fjl',2),(40,'2023-08-12 03:38:15.153440','2023-08-12 03:38:15.153440','같이 해요','RANKING','2023-08-12 15:38:00.000000',6,'2023-08-12 12:38:00.000000','','파이팀과 함께 춤 출 사람 구합니다~~~',3),(41,'2023-08-12 03:50:08.850782','2023-08-12 03:50:08.850782','함께 합시다!','RANKING','2023-08-12 14:50:00.000000',4,'2023-08-12 12:49:00.000000','','파이팀 랜덤 플레이 댄스!',3),(42,'2023-08-12 03:55:04.179437','2023-08-12 03:55:04.179437','함께 춤 춰요','RANKING','2023-08-12 14:54:00.000000',6,'2023-08-12 12:54:00.000000','','랜덤 플레이 댄스 함께 하실 파이팀 사람 구합니다',3),(43,'2023-08-12 04:12:54.790530','2023-08-12 04:12:54.790530','구합니당','BASIC','2023-08-12 15:12:00.000000',4,'2023-08-12 13:12:00.000000','','파이팀이랑 같이 춤 출 사람!!',3),(44,'2023-08-12 04:20:31.290214','2023-08-12 04:20:31.290214','슈퍼샤이','RANKING','2023-08-12 14:19:00.000000',6,'2023-08-12 13:19:00.000000','','8월 12일 함께 합시다~~~',6),(45,'2023-08-14 01:51:36.705827','2023-08-14 01:51:36.705827','TEST로 랜덤방 생성해서 테스트 할려고 합니다','BASIC','2023-08-14 10:53:00.000000',4,'2023-08-14 10:51:00.000000','','TEST 랜덤방',12),(46,'2023-08-14 02:06:03.833057','2023-08-14 02:06:03.833057','코치와 함께 단스단스','BASIC','2023-08-14 11:10:00.000000',4,'2023-08-14 11:05:00.000000','','단스단스',13),(47,'2023-08-14 02:06:03.833160','2023-08-14 02:06:03.833160','코치와 함께 단스단스','BASIC','2023-08-14 11:10:00.000000',4,'2023-08-14 11:05:00.000000','','단스단스',13),(48,'2023-08-14 02:06:03.833230','2023-08-14 02:06:03.833230','코치와 함께 단스단스','BASIC','2023-08-14 11:10:00.000000',4,'2023-08-14 11:05:00.000000','','단스단스',13),(49,'2023-08-14 03:21:19.464230','2023-08-14 03:21:19.464230','test','BASIC','2023-08-14 12:26:00.000000',1,'2023-08-14 12:21:00.000000','','test',14),(50,'2023-08-14 03:21:20.829927','2023-08-14 03:21:20.829927','test','BASIC','2023-08-14 12:26:00.000000',1,'2023-08-14 12:21:00.000000','','test',14),(51,'2023-08-14 04:41:13.645790','2023-08-14 04:41:13.645790','방 예시 내용22','RANKING','2023-08-14 14:41:00.000000',3,'2023-08-14 13:41:00.000000','','방 예시 제목22',2),(52,'2023-08-14 04:42:42.655233','2023-08-14 04:42:42.655233','방 예시 내용22','RANKING','2023-08-14 14:41:00.000000',3,'2023-08-14 13:41:00.000000','','방 예시 제목22',2),(53,'2023-08-14 04:45:02.628226','2023-08-14 04:45:02.628226','시간 전 내용 확인 방','RANKING','2023-08-14 15:44:00.000000',5,'2023-08-14 14:44:00.000000','','시간 전 내용 확인 방',2),(54,'2023-08-14 04:46:19.808991','2023-08-14 04:46:19.808991','시간 이전 fix 방','RANKING','2023-08-14 15:46:00.000000',4,'2023-08-14 14:46:00.000000','','시간 이전 fix 방',2),(55,'2023-08-14 04:53:04.009769','2023-08-14 04:53:04.009769','시간 전에 있는 것 체크','RANKING','2023-08-14 14:57:00.000000',4,'2023-08-14 13:58:00.000000','','시간 전에 있는 것 체크',2),(56,'2023-08-14 04:56:19.814596','2023-08-14 04:56:19.814596','시간이 더 전에 있는지 테스트하는 방','RANKING','2023-08-14 15:56:00.000000',4,'2023-08-14 14:56:00.000000','','시간이 더 전에 있는지 테스트하는 방',2),(57,'2023-08-14 05:02:30.112851','2023-08-14 05:02:30.112851','시간이 더 전에 있는지 테스트하는 방','RANKING','2023-08-14 15:56:00.000000',4,'2023-08-14 14:56:00.000000','','시간이 더 전에 있는지 테스트하는 방',2),(58,'2023-08-14 05:03:32.189643','2023-08-14 05:03:32.189643','시간이 더 전에 있는지 테스트하는 방','RANKING','2023-08-14 15:56:00.000000',4,'2023-08-14 14:56:00.000000','','시간이 더 전에 있는지 테스트하는 방',2),(59,'2023-08-14 05:03:54.966189','2023-08-14 05:03:54.966189','시간이 더 전에 있는지 테스트하는 방','RANKING','2023-08-14 15:56:00.000000',4,'2023-08-14 14:56:00.000000','','시간이 더 전에 있는지 테스트하는 방',2),(60,'2023-08-14 05:05:48.526328','2023-08-14 05:05:48.526328','시간이 더 전에 있는지 테스트하는 방','RANKING','2023-08-14 15:56:00.000000',4,'2023-08-14 14:56:00.000000','','시간이 더 전에 있는지 테스트하는 방',2),(61,'2023-08-14 05:07:18.267922','2023-08-14 05:07:18.267922','방이 이후에 생성되면 밖으로 나가져있는 것 테스트','RANKING','2023-08-14 17:07:00.000000',4,'2023-08-14 15:07:00.000000','','방이 이후에 생성되면 밖으로 나가져있는 것 테스트',2),(62,'2023-08-14 05:07:45.143337','2023-08-14 05:07:45.143337','시간 안에 생성되면 방으로 입장하도록 테스트','RANKING','2023-08-14 14:13:00.000000',4,'2023-08-14 14:05:00.000000','','시간 안에 생성되면 방으로 입장하도록 테스트',2),(63,'2023-08-14 05:36:28.261923','2023-08-14 05:36:28.261923','내가 선택한 이미지가 제대로 나오는 방 체크합니다.','RANKING','2023-08-14 20:42:00.000000',2,'2023-08-14 14:36:00.000000','','방생성 이미지 테스트',12),(65,'2023-08-14 21:29:16.364925','2023-08-14 21:29:16.364925','이미지 썸네일 확인용 테스트','RANKING','2023-08-15 07:29:00.000000',3,'2023-08-15 06:24:00.000000','','이미지 썸네일 확인용 테스트',2),(66,'2023-08-15 02:09:29.816524','2023-08-15 02:09:29.816524','인증 방식 변화 테스트','RANKING','2023-08-15 11:52:00.000000',4,'2023-08-15 11:04:00.000000','','인증 방식 변화 테스트',2),(67,'2023-08-15 02:10:48.742801','2023-08-15 02:10:48.742801','인증방식변화 테스트2','RANKING','2023-08-15 11:55:00.000000',3,'2023-08-15 11:03:00.000000','','인증방식변화 테스트2',2),(68,'2023-08-16 00:54:55.123647','2023-08-16 00:54:55.123647','ㅇㅇ','RANKING','2023-08-16 10:54:00.000000',10,'2023-08-16 09:54:00.000000','','ㅇㅇ',2),(69,'2023-08-16 07:07:17.094529','2023-08-16 07:07:17.094529','결과 테스트 해봅니다.','RANKING','2023-08-16 16:51:00.000000',4,'2023-08-16 16:01:00.000000','','결과 테스트 해봅니다.',2),(70,'2023-08-16 07:36:58.116459','2023-08-16 07:36:58.116459','새로운 방을 만듭니다. 종료테스트 확인','RANKING','2023-08-16 16:59:00.000000',4,'2023-08-16 16:03:00.000000','','새로운 방을 만듭니다. 종료테스트 확인',1),(71,'2023-08-16 07:36:58.199100','2023-08-16 07:36:58.199100','새로운 방을 만듭니다. 종료테스트 확인','RANKING','2023-08-16 16:59:00.000000',4,'2023-08-16 16:03:00.000000','','새로운 방을 만듭니다. 종료테스트 확인',1),(72,'2023-08-16 09:22:22.393779','2023-08-16 09:22:22.393779','새로운 방을 만들어서 테스트 할거에요.','RANKING','2023-08-16 18:55:00.000000',4,'2023-08-16 18:03:00.000000','','새로운 방을 만들어서 테스트 할거에요.',1),(73,'2023-08-16 13:45:07.526373','2023-08-16 13:45:07.526373','음원 전송 및 결과 전송 테스트 방','RANKING','2023-08-16 23:50:00.000000',3,'2023-08-16 22:10:00.000000','','음원 전송 및 결과 전송 테스트 방',2),(74,'2023-08-16 14:14:15.992251','2023-08-16 14:14:15.992251','관리자 페이지 테스트용 방 생성','RANKING','2023-08-16 23:43:00.000000',4,'2023-08-16 23:04:00.000000','','관리자 페이지 테스트용 방 생성',2),(75,'2023-08-16 16:30:38.551201','2023-08-16 16:30:38.551201','Version2 Test','RANKING','2023-08-17 02:30:00.000000',10,'2023-08-17 01:30:00.000000','','Version2 Test',2),(76,'2023-08-17 05:13:04.843241','2023-08-17 05:13:04.843241','점수 반영 방 테스트','RANKING','2023-08-17 14:45:00.000000',3,'2023-08-17 14:02:00.000000','','점수 반영 방 테스트',2),(77,'2023-08-17 05:13:04.843215','2023-08-17 05:13:04.843215','점수 반영 방 테스트','RANKING','2023-08-17 14:45:00.000000',3,'2023-08-17 14:02:00.000000','','점수 반영 방 테스트',2),(78,'2023-08-17 05:28:59.856670','2023-08-17 05:28:59.856670','0817 SSAFY 랜플댄 콘테스트','RANKING','2023-08-17 15:28:00.000000',5,'2023-08-17 14:28:00.000000','','0817 SSAFY 랜플댄 콘테스트',2),(79,'2023-08-17 05:29:25.333098','2023-08-17 05:29:25.333098','점수 반영 방 테스트','RANKING','2023-08-17 14:46:00.000000',3,'2023-08-17 14:18:00.000000','','점수 반영 방 테스트',2);
/*!40000 ALTER TABLE `random_dance` ENABLE KEYS */;
UNLOCK TABLES;

--
-- Table structure for table `ranks`
--

DROP TABLE IF EXISTS `ranks`;
/*!40101 SET @saved_cs_client     = @@character_set_client */;
/*!40101 SET character_set_client = utf8 */;
CREATE TABLE `ranks` (
  `rank_id` bigint(20) NOT NULL AUTO_INCREMENT,
  `created_at` datetime(6) DEFAULT NULL,
  `modified_at` datetime(6) DEFAULT NULL,
  `end_point` int(11) DEFAULT NULL,
  `name` varchar(255) DEFAULT NULL,
  `rank_img` varchar(255) DEFAULT NULL,
  `start_point` int(11) DEFAULT NULL,
  PRIMARY KEY (`rank_id`)
) ENGINE=InnoDB AUTO_INCREMENT=5 DEFAULT CHARSET=utf8mb4;
/*!40101 SET character_set_client = @saved_cs_client */;

--
-- Dumping data for table `ranks`
--

LOCK TABLES `ranks` WRITE;
/*!40000 ALTER TABLE `ranks` DISABLE KEYS */;
INSERT INTO `ranks` VALUES (1,'2023-08-09 13:39:38.207260','2023-08-09 13:39:38.207260',99,'BRONZE','url',0),(2,'2023-08-09 13:39:38.223740','2023-08-09 13:39:38.223740',299,'SILVER','url',100),(3,'2023-08-09 13:39:38.258124','2023-08-09 13:39:38.258124',999,'GOLD','url',300),(4,'2023-08-09 13:39:38.292523','2023-08-09 13:39:38.292523',5000,'PLATINUM','url',1000);
/*!40000 ALTER TABLE `ranks` ENABLE KEYS */;
UNLOCK TABLES;

--
-- Table structure for table `reservation`
--

DROP TABLE IF EXISTS `reservation`;
/*!40101 SET @saved_cs_client     = @@character_set_client */;
/*!40101 SET character_set_client = utf8 */;
CREATE TABLE `reservation` (
  `reservation_id` bigint(20) NOT NULL AUTO_INCREMENT,
  `created_at` datetime(6) DEFAULT NULL,
  `modified_at` datetime(6) DEFAULT NULL,
  `random_dance_id` bigint(20) DEFAULT NULL,
  `user_id` bigint(20) DEFAULT NULL,
  PRIMARY KEY (`reservation_id`),
  KEY `FKfn7je852kg1clcwhr7ph3e59j` (`random_dance_id`),
  KEY `FKrea93581tgkq61mdl13hehami` (`user_id`),
  CONSTRAINT `FKfn7je852kg1clcwhr7ph3e59j` FOREIGN KEY (`random_dance_id`) REFERENCES `random_dance` (`random_dance_id`),
  CONSTRAINT `FKrea93581tgkq61mdl13hehami` FOREIGN KEY (`user_id`) REFERENCES `users` (`user_id`)
) ENGINE=InnoDB AUTO_INCREMENT=20 DEFAULT CHARSET=utf8mb4;
/*!40101 SET character_set_client = @saved_cs_client */;

--
-- Dumping data for table `reservation`
--

LOCK TABLES `reservation` WRITE;
/*!40000 ALTER TABLE `reservation` DISABLE KEYS */;
INSERT INTO `reservation` VALUES (1,'2023-08-01 00:00:00.000000','2023-08-01 00:00:00.000000',5,2),(2,'2023-08-01 00:00:00.000000','2023-08-01 00:00:00.000000',5,3),(3,'2023-08-01 00:00:00.000000','2023-08-01 00:00:00.000000',5,4),(4,'2023-08-01 00:00:00.000000','2023-08-01 00:00:00.000000',5,5),(5,'2023-08-01 00:00:00.000000','2023-08-01 00:00:00.000000',5,6),(6,'2023-08-01 00:00:00.000000','2023-08-01 00:00:00.000000',5,7),(7,'2023-08-01 00:00:00.000000','2023-08-01 00:00:00.000000',5,8),(11,'2023-08-11 01:04:46.305113','2023-08-11 01:04:46.305113',6,2),(16,'2023-08-11 01:09:38.943994','2023-08-11 01:09:38.943994',8,2),(17,'2023-08-11 06:31:27.725667','2023-08-11 06:31:27.725667',10,2),(18,'2023-08-14 01:54:06.861992','2023-08-14 01:54:06.861992',6,12);
/*!40000 ALTER TABLE `reservation` ENABLE KEYS */;
UNLOCK TABLES;

--
-- Table structure for table `talk`
--

DROP TABLE IF EXISTS `talk`;
/*!40101 SET @saved_cs_client     = @@character_set_client */;
/*!40101 SET character_set_client = utf8 */;
CREATE TABLE `talk` (
  `comment_cnt` int(11) NOT NULL DEFAULT 0,
  `board_id` bigint(20) NOT NULL,
  PRIMARY KEY (`board_id`),
  CONSTRAINT `FKhj8hnoka2nu8c7gi5i0leqf2g` FOREIGN KEY (`board_id`) REFERENCES `board` (`board_id`)
) ENGINE=InnoDB DEFAULT CHARSET=utf8mb4;
/*!40101 SET character_set_client = @saved_cs_client */;

--
-- Dumping data for table `talk`
--

LOCK TABLES `talk` WRITE;
/*!40000 ALTER TABLE `talk` DISABLE KEYS */;
INSERT INTO `talk` VALUES (6,6),(3,7),(2,8),(1,9),(4,10),(1,17),(1,18),(0,19),(0,20),(0,21),(0,22),(1,24),(2,25),(0,30),(0,31),(0,32);
/*!40000 ALTER TABLE `talk` ENABLE KEYS */;
UNLOCK TABLES;

--
-- Table structure for table `users`
--

DROP TABLE IF EXISTS `users`;
/*!40101 SET @saved_cs_client     = @@character_set_client */;
/*!40101 SET character_set_client = utf8 */;
CREATE TABLE `users` (
  `user_id` bigint(20) NOT NULL AUTO_INCREMENT,
  `created_at` datetime(6) DEFAULT NULL,
  `modified_at` datetime(6) DEFAULT NULL,
  `birth` date DEFAULT NULL,
  `email` varchar(255) DEFAULT NULL,
  `email_alert` int(11) DEFAULT NULL,
  `id` varchar(255) DEFAULT NULL,
  `nickname` varchar(255) DEFAULT NULL,
  `password` varchar(255) DEFAULT NULL,
  `point` int(11) DEFAULT NULL,
  `profile_img` varchar(255) DEFAULT NULL,
  `refresh_token` varchar(255) DEFAULT NULL,
  `role` varchar(255) DEFAULT NULL,
  `country_id` bigint(20) DEFAULT NULL,
  `rank_id` bigint(20) DEFAULT NULL,
  PRIMARY KEY (`user_id`),
  KEY `FK5t4yyo3f0ctxayh7voqv51fmg` (`country_id`),
  KEY `FKnd21ucuvu0vt5qt0w40s2j68q` (`rank_id`),
  CONSTRAINT `FK5t4yyo3f0ctxayh7voqv51fmg` FOREIGN KEY (`country_id`) REFERENCES `country` (`country_id`),
  CONSTRAINT `FKnd21ucuvu0vt5qt0w40s2j68q` FOREIGN KEY (`rank_id`) REFERENCES `ranks` (`rank_id`)
) ENGINE=InnoDB AUTO_INCREMENT=22 DEFAULT CHARSET=utf8mb4;
/*!40101 SET character_set_client = @saved_cs_client */;

--
-- Dumping data for table `users`
--

LOCK TABLES `users` WRITE;
/*!40000 ALTER TABLE `users` DISABLE KEYS */;
INSERT INTO `users` VALUES (1,'2023-07-01 00:00:00.000000','2023-08-16 14:14:38.079675','1997-01-01','admin@naver.com',1,'admin','admin','{bcrypt}$2a$10$OshmbqBP7obtw/0XCDi5k.Iv1iNCMjTHrwQgEDSPkLFsRhdMCkNbe',50,'url','eyJhbGciOiJIUzI1NiJ9.eyJleHAiOjE2OTI4MDAwNzh9.pEx3ZpUBJixs5NvlhUV7bZe8ukVjVU-ZFt-aEOLMk4E','ROLE_ADMIN',1,1),(2,'2023-08-01 00:00:00.000000','2023-08-17 05:18:54.215542','1997-01-01','ssafy@naver.com',1,'ssafy','김싸피','{bcrypt}$2a$10$04m3dqFby29atQwUmKvIsOSxIErM1w0Idf93Ed0xpVqj5zpgW58Uq',355,'url','eyJhbGciOiJIUzI1NiJ9.eyJleHAiOjE2OTI4MDcwMTF9.cuBfMmHadb8IUSmkm8q6wbCxdRhKE96XT5-4tQbsIA0','ROLE_USER',9,3),(3,'2023-08-01 00:00:00.000000','2023-08-12 04:35:25.123806','1997-01-01','seul@naver.com',1,'seul','seul1219','{bcrypt}$2a$10$04m3dqFby29atQwUmKvIsOSxIErM1w0Idf93Ed0xpVqj5zpgW58Uq',0,'url','eyJhbGciOiJIUzI1NiJ9.eyJleHAiOjE2OTI0MTk3MjV9.BqbaML0k9PMO5t-0hYSNYjWWelZ83R82wvAHMq2tW_Q','ROLE_USER',1,1),(4,'2023-08-01 00:00:00.000000','2023-08-16 18:26:00.620278','1997-01-01','',1,'kyung','kko216','{bcrypt}$2a$10$04m3dqFby29atQwUmKvIsOSxIErM1w0Idf93Ed0xpVqj5zpgW58Uq',0,'https://stepup-pi.s3.ap-northeast-2.amazonaws.com/1692210343550_hamster.jpg','eyJhbGciOiJIUzI1NiJ9.eyJleHAiOjE2OTI3ODI2NDZ9.KUIi-wULjb9HXNdIPbzX6nT0M7sY3KncYy2sh9isVSE','ROLE_USER',1,1),(5,'2023-08-01 00:00:00.000000','2023-08-17 00:37:03.110693','1997-01-01','beom@naver.com',1,'beom','j3beom','{bcrypt}$2a$10$04m3dqFby29atQwUmKvIsOSxIErM1w0Idf93Ed0xpVqj5zpgW58Uq',6,'url','eyJhbGciOiJIUzI1NiJ9.eyJleHAiOjE2OTI2MjA4NDJ9.Jh9VCJ0hzKn3NViB8CkcdmjesQ2JLjMmrR9OZDCyaow','ROLE_USER',1,1),(6,'2023-08-01 00:00:00.000000','2023-08-17 05:13:36.018512','1997-01-01','zu@naver.com',1,'zu','zuuuu_e','{bcrypt}$2a$10$04m3dqFby29atQwUmKvIsOSxIErM1w0Idf93Ed0xpVqj5zpgW58Uq',96,'url','eyJhbGciOiJIUzI1NiJ9.eyJleHAiOjE2OTI4MDYwMzZ9.XdbLs0_mR_dEHYeNRZ3S3c-hgY6upJKRPAJNqiQ0ddk','ROLE_USER',1,1),(7,'2023-08-01 00:00:00.000000','2023-08-01 00:00:00.000000','1997-01-01','choi@naver.com',1,'choi','inacrown_0','{bcrypt}$2a$10$04m3dqFby29atQwUmKvIsOSxIErM1w0Idf93Ed0xpVqj5zpgW58Uq',0,'url','refresh_token','ROLE_USER',1,1),(8,'2023-08-01 00:00:00.000000','2023-08-17 01:23:35.500731','1997-01-01','yeo@naver.com',1,'song','yeo','{bcrypt}$2a$10$9No0XMxXjlTcJPzyrXJ0xuKRk.u9CK2zZu28u3XYxGqFaP9DmGGP6',6,'https://stepup-pi.s3.ap-northeast-2.amazonaws.com/1692235404104_여울.png','eyJhbGciOiJIUzI1NiJ9.eyJleHAiOjE2OTI3ODkwMDJ9.jZTL_bMF2Yj0jrYfrEBukRajl1AYrY5CSS51meEW4jE','ROLE_USER',1,1),(9,'2023-08-11 01:03:27.517769','2023-08-11 01:03:33.764426','1997-12-19','ssafy1@naver.com',0,'ssafy1','ssafy1','{bcrypt}$2a$10$C1kAbhWEXT9GvDWfSKR10uwtO85p9.KvhEmVruyo0P5yyDNzFH/Pi',0,NULL,'eyJhbGciOiJIUzI1NiJ9.eyJleHAiOjE2OTIzMjA2MTN9.yGHTdOYBEUDHuk6BDEs96ZQoE--MVPMiHceufCMYpqI','ROLE_USER',1,1),(10,'2023-08-11 03:25:19.583946','2023-08-11 03:38:10.185179','1995-01-08','sungbaek.heo@gmail.com',0,'sungbaekend','허성백엔드','{bcrypt}$2a$10$lOBoZ5ge6kup9cHxz.jokep4e5M8CV.zejEGniIDHRpEMeiLxh8bW',0,NULL,'eyJhbGciOiJIUzI1NiJ9.eyJleHAiOjE2OTIzMjk4OTB9.buHlVNWnalrbseokbTTGMARvpe5l8F1WREG2Uu3LCVg','ROLE_USER',1,1),(11,'2023-08-13 07:56:06.251260','2023-08-13 07:57:11.522188','2020-01-01','ssafy1234@naver.com',0,'ssafy1234','김싸피씨','{bcrypt}$2a$10$O54cskbAAYSELn3QG8zZ..P5K7N52OVN6g5M7cReIJfzqRvei5NvC',0,NULL,'eyJhbGciOiJIUzI1NiJ9.eyJleHAiOjE2OTI1MTgyMzF9.oBQSsEX7XoSnFkPTE_H9xj8kDOFWNqzxwT1sjcSLZMM','ROLE_USER',1,1),(12,'2023-08-14 01:49:08.755976','2023-08-16 09:32:38.927606','2023-08-14','hslee0912@gmail.com',0,'hslee0912','Kpop스타','{bcrypt}$2a$10$E0eAAOGpHbV1i9C3E1s/cecElBqvOe73dMU0Rm4Wa1EIUpgvcrOgi',0,NULL,'eyJhbGciOiJIUzI1NiJ9.eyJleHAiOjE2OTI3ODMxNTh9.yAsnwh4oIgrHE13zS09kk48pxULp8FKS24nPAAiBFyI','ROLE_USER',1,1),(13,'2023-08-14 02:03:44.079761','2023-08-14 04:42:17.893829','2023-08-10','anc9432@daum.net',0,'youjicoach','유지코치','{bcrypt}$2a$10$WcE3cCq0i64M2EtaVIpfru7sWfuCo.kXNZ2m5stwQDYFqWDyGMH4G',0,NULL,'eyJhbGciOiJIUzI1NiJ9.eyJleHAiOjE2OTI1OTI5Mzd9.dMpBOi8d4b9sC5G70JAOh5aSIog118kmwVlS_l6yfUo','ROLE_USER',1,1),(14,'2023-08-14 03:20:33.655544','2023-08-16 01:13:05.557192','2023-08-14','42.4.woonchoi@gmail.com',0,'woonchoi','woonchoi','{bcrypt}$2a$10$TsT/VGXc8UF8RoFz4rpEJ.ioX7YY.xaCmTIqmZM4.gtbJDFMkinB2',0,NULL,'eyJhbGciOiJIUzI1NiJ9.eyJleHAiOjE2OTI3NTMxODV9.Ix5sQtKFMHUdgOF9ytTmdEnRoq-ahsRW2gEExIqZRuA','ROLE_USER',1,1),(15,'2023-08-14 06:40:34.003819','2023-08-14 06:40:36.464731','2000-02-01','2019113591@dgu.ac.kr',0,'nageon','아임건','{bcrypt}$2a$10$59ajiaAoewq7ogQshK.LkuzwTQZFSUA/HI2J3SiSDpsBfdCeDrm7e',0,NULL,'eyJhbGciOiJIUzI1NiJ9.eyJleHAiOjE2OTI2MDAwMzZ9.JwnAlBF9YHP8B9O5v1gQklKhGeCUKFK4CGFit7Mnh_I','ROLE_USER',1,1),(16,'2023-08-14 06:40:34.003792','2023-08-14 06:40:36.464811','2000-02-01','2019113591@dgu.ac.kr',0,'nageon','아임건','{bcrypt}$2a$10$fvcdCSDl5TlrLUyyj.r5fOkUZhFZOOLC2GxcOtiXpX3eRNc7FKGAa',0,NULL,'eyJhbGciOiJIUzI1NiJ9.eyJleHAiOjE2OTI2MDAwMzZ9.JwnAlBF9YHP8B9O5v1gQklKhGeCUKFK4CGFit7Mnh_I','ROLE_USER',1,1),(17,'2023-08-14 06:40:34.003827','2023-08-14 06:40:36.464548','2000-02-01','2019113591@dgu.ac.kr',0,'nageon','아임건','{bcrypt}$2a$10$/fWHzlegFp83oL5IK41grOS.duwHAb3h6GBOvp7P8b.QZZ1RAyJLq',0,NULL,'eyJhbGciOiJIUzI1NiJ9.eyJleHAiOjE2OTI2MDAwMzZ9.JwnAlBF9YHP8B9O5v1gQklKhGeCUKFK4CGFit7Mnh_I','ROLE_USER',1,1),(19,'2023-08-15 07:09:06.117142','2023-08-15 14:23:44.736875','2023-08-02',NULL,NULL,'qwerty',NULL,'{bcrypt}$2a$10$nsFDJhpImog8xft//fYJ1.qz0LcbSgupF0TMVzZ6s3jLkAN2SieEq',0,NULL,'eyJhbGciOiJIUzI1NiJ9.eyJleHAiOjE2OTI3MTQyMjR9.CcB5USY3ll6xnMy0tLG9VS9OB6r3T2Xuooi_o22dduI','ROLE_USER',1,1),(20,'2023-08-16 19:57:41.854679','2023-08-16 20:12:29.733283','2023-08-17','sss@naver.com',1,'ssafy11','ssafy','{bcrypt}$2a$10$Cr3WuXXapKp3qrtiPZbu6et1uw4zZVfX9/b/pUXyTBvP9uwPfXkla',0,NULL,NULL,'ROLE_USER',1,1),(21,'2023-08-16 23:33:56.641684','2023-08-16 23:37:33.543417','2023-08-17','stgray22@gmail.com',0,'itsmeyjc','11111111111111111111111111111111111111111111111111111111111111111111111111111111111111111111111111111111111111111111111111111111111111111111111111111111111111111111111111111111111111111111111111111111111111111111111111111111111111','{bcrypt}$2a$10$1RecwuDuZofb4DzK4Lm2kuxZGnbIWxW52JKc6JHDC7GPydl/8bhZ.',3,NULL,NULL,'ROLE_USER',1,1);
/*!40000 ALTER TABLE `users` ENABLE KEYS */;
UNLOCK TABLES;
/*!40103 SET TIME_ZONE=@OLD_TIME_ZONE */;

/*!40101 SET SQL_MODE=@OLD_SQL_MODE */;
/*!40014 SET FOREIGN_KEY_CHECKS=@OLD_FOREIGN_KEY_CHECKS */;
/*!40014 SET UNIQUE_CHECKS=@OLD_UNIQUE_CHECKS */;
/*!40101 SET CHARACTER_SET_CLIENT=@OLD_CHARACTER_SET_CLIENT */;
/*!40101 SET CHARACTER_SET_RESULTS=@OLD_CHARACTER_SET_RESULTS */;
/*!40101 SET COLLATION_CONNECTION=@OLD_COLLATION_CONNECTION */;
/*!40111 SET SQL_NOTES=@OLD_SQL_NOTES */;

-- Dump completed on 2023-08-17  5:36:43
